2025-10-24 16:56:07 INFO  o.h.validator.internal.util.Version - HV000001: Hibernate Validator 8.0.3.Final
2025-10-24 16:56:08 INFO  com.lul.Stydu4.Stydu4Application - Starting Stydu4Application using Java 17.0.10 with PID 13136 (C:\Users\PC\Desktop\New folder (3)\stydu4\target\classes started by PC in C:\Users\PC\Desktop\New folder (3)\stydu4)
2025-10-24 16:56:08 DEBUG com.lul.Stydu4.Stydu4Application - Running with Spring Boot v3.5.6, Spring v6.2.11
2025-10-24 16:56:08 INFO  com.lul.Stydu4.Stydu4Application - No active profile set, falling back to 1 default profile: "default"
2025-10-24 16:56:08 INFO  o.s.d.r.c.RepositoryConfigurationDelegate - Multiple Spring Data modules found, entering strict repository configuration mode
2025-10-24 16:56:08 INFO  o.s.d.r.c.RepositoryConfigurationDelegate - Bootstrapping Spring Data JPA repositories in DEFAULT mode.
2025-10-24 16:56:09 INFO  o.s.d.r.c.RepositoryConfigurationDelegate - Finished Spring Data repository scanning in 164 ms. Found 15 JPA repository interfaces.
2025-10-24 16:56:09 INFO  o.s.d.r.c.RepositoryConfigurationDelegate - Multiple Spring Data modules found, entering strict repository configuration mode
2025-10-24 16:56:09 INFO  o.s.d.r.c.RepositoryConfigurationDelegate - Bootstrapping Spring Data Redis repositories in DEFAULT mode.
2025-10-24 16:56:09 INFO  o.s.d.r.c.RepositoryConfigurationExtensionSupport - Spring Data Redis - Could not safely identify store assignment for repository candidate interface com.lul.Stydu4.repository.IAnswerRepository; If you want this repository to be a Redis repository, consider annotating your entities with one of these annotations: org.springframework.data.redis.core.RedisHash (preferred), or consider extending one of the following types with your repository: org.springframework.data.keyvalue.repository.KeyValueRepository
2025-10-24 16:56:09 INFO  o.s.d.r.c.RepositoryConfigurationExtensionSupport - Spring Data Redis - Could not safely identify store assignment for repository candidate interface com.lul.Stydu4.repository.ICourseRepository; If you want this repository to be a Redis repository, consider annotating your entities with one of these annotations: org.springframework.data.redis.core.RedisHash (preferred), or consider extending one of the following types with your repository: org.springframework.data.keyvalue.repository.KeyValueRepository
2025-10-24 16:56:09 INFO  o.s.d.r.c.RepositoryConfigurationExtensionSupport - Spring Data Redis - Could not safely identify store assignment for repository candidate interface com.lul.Stydu4.repository.IEnrollmentRepository; If you want this repository to be a Redis repository, consider annotating your entities with one of these annotations: org.springframework.data.redis.core.RedisHash (preferred), or consider extending one of the following types with your repository: org.springframework.data.keyvalue.repository.KeyValueRepository
2025-10-24 16:56:09 INFO  o.s.d.r.c.RepositoryConfigurationExtensionSupport - Spring Data Redis - Could not safely identify store assignment for repository candidate interface com.lul.Stydu4.repository.IFileRepository; If you want this repository to be a Redis repository, consider annotating your entities with one of these annotations: org.springframework.data.redis.core.RedisHash (preferred), or consider extending one of the following types with your repository: org.springframework.data.keyvalue.repository.KeyValueRepository
2025-10-24 16:56:09 INFO  o.s.d.r.c.RepositoryConfigurationExtensionSupport - Spring Data Redis - Could not safely identify store assignment for repository candidate interface com.lul.Stydu4.repository.IOrderRepository; If you want this repository to be a Redis repository, consider annotating your entities with one of these annotations: org.springframework.data.redis.core.RedisHash (preferred), or consider extending one of the following types with your repository: org.springframework.data.keyvalue.repository.KeyValueRepository
2025-10-24 16:56:09 INFO  o.s.d.r.c.RepositoryConfigurationExtensionSupport - Spring Data Redis - Could not safely identify store assignment for repository candidate interface com.lul.Stydu4.repository.IPartTestRepository; If you want this repository to be a Redis repository, consider annotating your entities with one of these annotations: org.springframework.data.redis.core.RedisHash (preferred), or consider extending one of the following types with your repository: org.springframework.data.keyvalue.repository.KeyValueRepository
2025-10-24 16:56:09 INFO  o.s.d.r.c.RepositoryConfigurationExtensionSupport - Spring Data Redis - Could not safely identify store assignment for repository candidate interface com.lul.Stydu4.repository.IPermissionRepository; If you want this repository to be a Redis repository, consider annotating your entities with one of these annotations: org.springframework.data.redis.core.RedisHash (preferred), or consider extending one of the following types with your repository: org.springframework.data.keyvalue.repository.KeyValueRepository
2025-10-24 16:56:09 INFO  o.s.d.r.c.RepositoryConfigurationExtensionSupport - Spring Data Redis - Could not safely identify store assignment for repository candidate interface com.lul.Stydu4.repository.IQuestionGroupRepository; If you want this repository to be a Redis repository, consider annotating your entities with one of these annotations: org.springframework.data.redis.core.RedisHash (preferred), or consider extending one of the following types with your repository: org.springframework.data.keyvalue.repository.KeyValueRepository
2025-10-24 16:56:09 INFO  o.s.d.r.c.RepositoryConfigurationExtensionSupport - Spring Data Redis - Could not safely identify store assignment for repository candidate interface com.lul.Stydu4.repository.IQuestionTestRepository; If you want this repository to be a Redis repository, consider annotating your entities with one of these annotations: org.springframework.data.redis.core.RedisHash (preferred), or consider extending one of the following types with your repository: org.springframework.data.keyvalue.repository.KeyValueRepository
2025-10-24 16:56:09 INFO  o.s.d.r.c.RepositoryConfigurationExtensionSupport - Spring Data Redis - Could not safely identify store assignment for repository candidate interface com.lul.Stydu4.repository.IResultHavePartsRepository; If you want this repository to be a Redis repository, consider annotating your entities with one of these annotations: org.springframework.data.redis.core.RedisHash (preferred), or consider extending one of the following types with your repository: org.springframework.data.keyvalue.repository.KeyValueRepository
2025-10-24 16:56:09 INFO  o.s.d.r.c.RepositoryConfigurationExtensionSupport - Spring Data Redis - Could not safely identify store assignment for repository candidate interface com.lul.Stydu4.repository.IResultRepository; If you want this repository to be a Redis repository, consider annotating your entities with one of these annotations: org.springframework.data.redis.core.RedisHash (preferred), or consider extending one of the following types with your repository: org.springframework.data.keyvalue.repository.KeyValueRepository
2025-10-24 16:56:09 INFO  o.s.d.r.c.RepositoryConfigurationExtensionSupport - Spring Data Redis - Could not safely identify store assignment for repository candidate interface com.lul.Stydu4.repository.IRoleRepository; If you want this repository to be a Redis repository, consider annotating your entities with one of these annotations: org.springframework.data.redis.core.RedisHash (preferred), or consider extending one of the following types with your repository: org.springframework.data.keyvalue.repository.KeyValueRepository
2025-10-24 16:56:09 INFO  o.s.d.r.c.RepositoryConfigurationExtensionSupport - Spring Data Redis - Could not safely identify store assignment for repository candidate interface com.lul.Stydu4.repository.ITestRepository; If you want this repository to be a Redis repository, consider annotating your entities with one of these annotations: org.springframework.data.redis.core.RedisHash (preferred), or consider extending one of the following types with your repository: org.springframework.data.keyvalue.repository.KeyValueRepository
2025-10-24 16:56:09 INFO  o.s.d.r.c.RepositoryConfigurationExtensionSupport - Spring Data Redis - Could not safely identify store assignment for repository candidate interface com.lul.Stydu4.repository.IUserAnswerRepository; If you want this repository to be a Redis repository, consider annotating your entities with one of these annotations: org.springframework.data.redis.core.RedisHash (preferred), or consider extending one of the following types with your repository: org.springframework.data.keyvalue.repository.KeyValueRepository
2025-10-24 16:56:09 INFO  o.s.d.r.c.RepositoryConfigurationExtensionSupport - Spring Data Redis - Could not safely identify store assignment for repository candidate interface com.lul.Stydu4.repository.IUserRepository; If you want this repository to be a Redis repository, consider annotating your entities with one of these annotations: org.springframework.data.redis.core.RedisHash (preferred), or consider extending one of the following types with your repository: org.springframework.data.keyvalue.repository.KeyValueRepository
2025-10-24 16:56:09 INFO  o.s.d.r.c.RepositoryConfigurationDelegate - Finished Spring Data repository scanning in 15 ms. Found 0 Redis repository interfaces.
2025-10-24 16:56:09 INFO  o.s.b.w.e.tomcat.TomcatWebServer - Tomcat initialized with port 8080 (http)
2025-10-24 16:56:09 INFO  o.a.coyote.http11.Http11NioProtocol - Initializing ProtocolHandler ["http-nio-8080"]
2025-10-24 16:56:09 INFO  o.a.catalina.core.StandardService - Starting service [Tomcat]
2025-10-24 16:56:09 INFO  o.a.catalina.core.StandardEngine - Starting Servlet engine: [Apache Tomcat/10.1.46]
2025-10-24 16:56:09 INFO  o.a.c.c.C.[Tomcat].[localhost].[/] - Initializing Spring embedded WebApplicationContext
2025-10-24 16:56:09 INFO  o.s.b.w.s.c.ServletWebServerApplicationContext - Root WebApplicationContext: initialization completed in 1728 ms
2025-10-24 16:56:09 INFO  o.h.jpa.internal.util.LogHelper - HHH000204: Processing PersistenceUnitInfo [name: default]
2025-10-24 16:56:09 INFO  org.hibernate.Version - HHH000412: Hibernate ORM core version 6.6.29.Final
2025-10-24 16:56:10 INFO  o.h.c.i.RegionFactoryInitiator - HHH000026: Second-level cache disabled
2025-10-24 16:56:10 INFO  o.s.o.j.p.SpringPersistenceUnitInfo - No LoadTimeWeaver setup: ignoring JPA class transformer
2025-10-24 16:56:10 INFO  com.zaxxer.hikari.HikariDataSource - HikariPool-1 - Starting...
2025-10-24 16:56:10 INFO  com.zaxxer.hikari.pool.HikariPool - HikariPool-1 - Added connection com.mysql.cj.jdbc.ConnectionImpl@5c1687d1
2025-10-24 16:56:10 INFO  com.zaxxer.hikari.HikariDataSource - HikariPool-1 - Start completed.
2025-10-24 16:56:10 WARN  org.hibernate.orm.deprecation - HHH90000025: MySQLDialect does not need to be specified explicitly using 'hibernate.dialect' (remove the property setting and it will be selected by default)
2025-10-24 16:56:10 INFO  o.hibernate.orm.connections.pooling - HHH10001005: Database info:
	Database JDBC URL [Connecting through datasource 'HikariDataSource (HikariPool-1)']
	Database driver: undefined/unknown
	Database version: 8.0.43
	Autocommit mode: undefined/unknown
	Isolation level: undefined/unknown
	Minimum pool size: undefined/unknown
	Maximum pool size: undefined/unknown
2025-10-24 16:56:11 INFO  o.h.e.t.j.p.i.JtaPlatformInitiator - HHH000489: No JTA platform available (set 'hibernate.transaction.jta.platform' to enable JTA platform integration)
2025-10-24 16:56:11 DEBUG org.hibernate.SQL - create table course_tests (course_id varchar(255) not null, test_id varchar(255) not null) engine=InnoDB
2025-10-24 16:56:11 DEBUG org.hibernate.SQL - create table courses (id varchar(255) not null, created_by varchar(255), created_date datetime(6), modified_by varchar(255), modified_date datetime(6), description TEXT, duration integer, image_url varchar(255), is_published bit, price decimal(38,2) not null, title varchar(255) not null, primary key (id)) engine=InnoDB
2025-10-24 16:56:11 DEBUG org.hibernate.SQL - create table enrollments (id varchar(255) not null, created_by varchar(255), created_date datetime(6), modified_by varchar(255), modified_date datetime(6), enrolled_at datetime(6), expires_at datetime(6), status enum ('ACTIVE','CANCELLED','EXPIRED'), course_id varchar(255) not null, user_id varchar(255) not null, primary key (id)) engine=InnoDB
2025-10-24 16:56:11 DEBUG org.hibernate.SQL - alter table files modify column file_type enum ('AUDIO','DOCUMENT','IMAGE') not null
2025-10-24 16:56:11 DEBUG org.hibernate.SQL - create table orders (id varchar(255) not null, created_by varchar(255), created_date datetime(6), modified_by varchar(255), modified_date datetime(6), amount decimal(38,2) not null, paypal_order_id varchar(255), paypal_payer_id varchar(255), paypal_payment_id varchar(255), status enum ('CANCELLED','COMPLETED','FAILED','PENDING','REFUNDED'), course_id varchar(255) not null, user_id varchar(255) not null, primary key (id)) engine=InnoDB
2025-10-24 16:56:11 DEBUG org.hibernate.SQL - alter table course_tests add constraint FKgq9oh44dtplekq8d2t0jn6wo9 foreign key (test_id) references test_entity (id)
2025-10-24 16:56:11 DEBUG org.hibernate.SQL - alter table course_tests add constraint FKqf2q6l3k4gt1iorlruw0axw75 foreign key (course_id) references courses (id)
2025-10-24 16:56:11 DEBUG org.hibernate.SQL - alter table enrollments add constraint FKho8mcicp4196ebpltdn9wl6co foreign key (course_id) references courses (id)
2025-10-24 16:56:12 DEBUG org.hibernate.SQL - alter table enrollments add constraint FKn67wpp0e78nshxfslgpnthn2t foreign key (user_id) references user_entity (id)
2025-10-24 16:56:12 DEBUG org.hibernate.SQL - alter table orders add constraint FK68snkj0g5gsjxllhjc3v5lm0r foreign key (course_id) references courses (id)
2025-10-24 16:56:12 DEBUG org.hibernate.SQL - alter table orders add constraint FKdkdeuog5blpdc0ftshsjudghv foreign key (user_id) references user_entity (id)
2025-10-24 16:56:12 INFO  o.s.o.j.LocalContainerEntityManagerFactoryBean - Initialized JPA EntityManagerFactory for persistence unit 'default'
2025-10-24 16:56:13 INFO  o.s.d.j.r.query.QueryEnhancerFactory - Hibernate is in classpath; If applicable, HQL parser will be used.
2025-10-24 16:56:14 WARN  o.s.b.a.o.j.JpaBaseConfiguration$JpaWebConfiguration - spring.jpa.open-in-view is enabled by default. Therefore, database queries may be performed during view rendering. Explicitly configure spring.jpa.open-in-view to disable this warning
2025-10-24 16:56:15 INFO  o.a.coyote.http11.Http11NioProtocol - Starting ProtocolHandler ["http-nio-8080"]
2025-10-24 16:56:15 INFO  o.s.b.w.e.tomcat.TomcatWebServer - Tomcat started on port 8080 (http) with context path '/'
2025-10-24 16:56:15 INFO  com.lul.Stydu4.Stydu4Application - Started Stydu4Application in 7.49 seconds (process running for 7.762)
2025-10-24 16:56:15 INFO  c.l.S.c.ApplicationInitConfig - ========== APPLICATION INITIALIZATION START ==========
2025-10-24 16:56:15 INFO  c.l.S.c.ApplicationInitConfig - Checking roles...
2025-10-24 16:56:15 DEBUG org.hibernate.SQL - select count(*) from role_entity re1_0 where re1_0.name=?
2025-10-24 16:56:15 DEBUG c.l.S.c.ApplicationInitConfig - Role ADMIN already exists
2025-10-24 16:56:15 DEBUG org.hibernate.SQL - select count(*) from role_entity re1_0 where re1_0.name=?
2025-10-24 16:56:15 DEBUG c.l.S.c.ApplicationInitConfig - Role USER already exists
2025-10-24 16:56:15 INFO  c.l.S.c.ApplicationInitConfig - All roles already exist
2025-10-24 16:56:15 INFO  c.l.S.c.ApplicationInitConfig - Checking admin user...
2025-10-24 16:56:15 DEBUG org.hibernate.SQL - select ue1_0.id from user_entity ue1_0 where ue1_0.username=? limit ?
2025-10-24 16:56:15 INFO  c.l.S.c.ApplicationInitConfig - Admin user already exists
2025-10-24 16:56:15 INFO  c.l.S.c.ApplicationInitConfig - ========== APPLICATION INITIALIZATION COMPLETED ==========
2025-10-24 17:00:02 INFO  o.a.c.c.C.[Tomcat].[localhost].[/] - Initializing Spring DispatcherServlet 'dispatcherServlet'
2025-10-24 17:00:02 INFO  o.s.web.servlet.DispatcherServlet - Initializing Servlet 'dispatcherServlet'
2025-10-24 17:00:02 INFO  o.s.web.servlet.DispatcherServlet - Completed initialization in 2 ms
2025-10-24 17:00:02 INFO  c.l.S.configuration.LoggingAspect - ==> Controller: authenticate
2025-10-24 17:00:02 DEBUG org.hibernate.SQL - select ue1_0.id,ue1_0.auth_provider,ue1_0.created_by,ue1_0.created_date,ue1_0.dob,ue1_0.email,ue1_0.first_name,ue1_0.last_name,ue1_0.modified_by,ue1_0.modified_date,ue1_0.password,ue1_0.phone_number,ue1_0.provider_id,ue1_0.username from user_entity ue1_0 where ue1_0.username=?
2025-10-24 17:00:02 DEBUG org.hibernate.SQL - select r1_0.user_id,r1_1.name,r1_1.description from user_roles r1_0 join role_entity r1_1 on r1_1.name=r1_0.role_name where r1_0.user_id=?
2025-10-24 17:00:02 DEBUG org.hibernate.SQL - select p1_0.role_name,p1_1.name,p1_1.description from role_permission p1_0 join permission_entity p1_1 on p1_1.name=p1_0.permission_name where p1_0.role_name=?
2025-10-24 17:00:02 INFO  c.l.S.s.i.AuthenticationServiceImpl - Generated scope: ROLE_ADMIN
2025-10-24 17:00:02 DEBUG c.l.S.configuration.LoggingAspect - Service: authenticate - 270ms
2025-10-24 17:00:02 INFO  c.l.S.configuration.LoggingAspect - <== Controller: authenticate completed in 271ms
2025-10-24 17:00:51 DEBUG c.l.S.configuration.LoggingAspect - Service: introspect - 9ms
2025-10-24 17:00:51 DEBUG o.s.s.o.s.r.a.JwtAuthenticationProvider - Authenticated token
2025-10-24 17:00:51 DEBUG o.s.s.o.s.r.w.a.BearerTokenAuthenticationFilter - Set SecurityContextHolder to JwtAuthenticationToken [Principal=org.springframework.security.oauth2.jwt.Jwt@88bc3319, Credentials=[PROTECTED], Authenticated=true, Details=WebAuthenticationDetails [RemoteIpAddress=0:0:0:0:0:0:0:1, SessionId=null], Granted Authorities=[ROLE_ADMIN]]
2025-10-24 17:00:51 INFO  c.l.S.configuration.LoggingAspect - ==> Controller: createCourse
2025-10-24 17:00:51 INFO  c.l.S.service.impl.CourseServiceImpl - Created course: 560be2e9-0b7e-4807-95af-7ff877884af2
2025-10-24 17:00:51 DEBUG c.l.S.configuration.LoggingAspect - Service: createCourse - 48ms
2025-10-24 17:00:51 DEBUG org.hibernate.SQL - insert into courses (created_by,created_date,description,duration,image_url,is_published,modified_by,modified_date,price,title,id) values (?,?,?,?,?,?,?,?,?,?,?)
2025-10-24 17:00:51 INFO  c.l.S.configuration.LoggingAspect - <== Controller: createCourse completed in 105ms
2025-10-24 17:01:31 DEBUG c.l.S.configuration.LoggingAspect - Service: introspect - 1ms
2025-10-24 17:01:31 DEBUG o.s.s.o.s.r.a.JwtAuthenticationProvider - Authenticated token
2025-10-24 17:01:31 DEBUG o.s.s.o.s.r.w.a.BearerTokenAuthenticationFilter - Set SecurityContextHolder to JwtAuthenticationToken [Principal=org.springframework.security.oauth2.jwt.Jwt@88bc3319, Credentials=[PROTECTED], Authenticated=true, Details=WebAuthenticationDetails [RemoteIpAddress=0:0:0:0:0:0:0:1, SessionId=null], Granted Authorities=[ROLE_ADMIN]]
2025-10-24 17:01:31 INFO  c.l.S.configuration.LoggingAspect - ==> Controller: getAllCourses
2025-10-24 17:01:31 DEBUG org.hibernate.SQL - select ce1_0.id,ce1_0.created_by,ce1_0.created_date,ce1_0.description,ce1_0.duration,ce1_0.image_url,ce1_0.is_published,ce1_0.modified_by,ce1_0.modified_date,ce1_0.price,ce1_0.title from courses ce1_0 where ce1_0.is_published=?
2025-10-24 17:01:31 DEBUG c.l.S.configuration.LoggingAspect - Service: getAllPublishedCourses - 4ms
2025-10-24 17:01:31 INFO  c.l.S.configuration.LoggingAspect - <== Controller: getAllCourses completed in 5ms
2025-10-24 17:02:03 DEBUG c.l.S.configuration.LoggingAspect - Service: introspect - 0ms
2025-10-24 17:02:03 DEBUG o.s.s.o.s.r.a.JwtAuthenticationProvider - Authenticated token
2025-10-24 17:02:03 DEBUG o.s.s.o.s.r.w.a.BearerTokenAuthenticationFilter - Set SecurityContextHolder to JwtAuthenticationToken [Principal=org.springframework.security.oauth2.jwt.Jwt@88bc3319, Credentials=[PROTECTED], Authenticated=true, Details=WebAuthenticationDetails [RemoteIpAddress=0:0:0:0:0:0:0:1, SessionId=null], Granted Authorities=[ROLE_ADMIN]]
2025-10-24 17:02:03 INFO  c.l.S.configuration.LoggingAspect - ==> Controller: createCourse
2025-10-24 17:02:03 INFO  c.l.S.service.impl.CourseServiceImpl - Created course: 000df7cf-8ac5-451e-8993-6c2f8f684e7a
2025-10-24 17:02:03 DEBUG c.l.S.configuration.LoggingAspect - Service: createCourse - 1ms
2025-10-24 17:02:03 DEBUG org.hibernate.SQL - insert into courses (created_by,created_date,description,duration,image_url,is_published,modified_by,modified_date,price,title,id) values (?,?,?,?,?,?,?,?,?,?,?)
2025-10-24 17:02:03 INFO  c.l.S.configuration.LoggingAspect - <== Controller: createCourse completed in 14ms
2025-10-24 17:02:07 DEBUG c.l.S.configuration.LoggingAspect - Service: introspect - 0ms
2025-10-24 17:02:07 DEBUG o.s.s.o.s.r.a.JwtAuthenticationProvider - Authenticated token
2025-10-24 17:02:07 DEBUG o.s.s.o.s.r.w.a.BearerTokenAuthenticationFilter - Set SecurityContextHolder to JwtAuthenticationToken [Principal=org.springframework.security.oauth2.jwt.Jwt@88bc3319, Credentials=[PROTECTED], Authenticated=true, Details=WebAuthenticationDetails [RemoteIpAddress=0:0:0:0:0:0:0:1, SessionId=null], Granted Authorities=[ROLE_ADMIN]]
2025-10-24 17:02:07 INFO  c.l.S.configuration.LoggingAspect - ==> Controller: getAllCourses
2025-10-24 17:02:07 DEBUG org.hibernate.SQL - select ce1_0.id,ce1_0.created_by,ce1_0.created_date,ce1_0.description,ce1_0.duration,ce1_0.image_url,ce1_0.is_published,ce1_0.modified_by,ce1_0.modified_date,ce1_0.price,ce1_0.title from courses ce1_0 where ce1_0.is_published=?
2025-10-24 17:02:07 DEBUG c.l.S.configuration.LoggingAspect - Service: getAllPublishedCourses - 4ms
2025-10-24 17:02:07 INFO  c.l.S.configuration.LoggingAspect - <== Controller: getAllCourses completed in 5ms
2025-10-24 17:04:32 DEBUG c.l.S.configuration.LoggingAspect - Service: introspect - 0ms
2025-10-24 17:04:32 DEBUG o.s.s.o.s.r.a.JwtAuthenticationProvider - Authenticated token
2025-10-24 17:04:32 DEBUG o.s.s.o.s.r.w.a.BearerTokenAuthenticationFilter - Set SecurityContextHolder to JwtAuthenticationToken [Principal=org.springframework.security.oauth2.jwt.Jwt@88bc3319, Credentials=[PROTECTED], Authenticated=true, Details=WebAuthenticationDetails [RemoteIpAddress=0:0:0:0:0:0:0:1, SessionId=null], Granted Authorities=[ROLE_ADMIN]]
2025-10-24 17:04:32 INFO  c.l.S.configuration.LoggingAspect - ==> Controller: publishCourse
2025-10-24 17:04:32 DEBUG org.hibernate.SQL - select ce1_0.id,ce1_0.created_by,ce1_0.created_date,ce1_0.description,ce1_0.duration,ce1_0.image_url,ce1_0.is_published,ce1_0.modified_by,ce1_0.modified_date,ce1_0.price,ce1_0.title from courses ce1_0 where ce1_0.id=?
2025-10-24 17:04:32 INFO  c.l.S.service.impl.CourseServiceImpl - Published course: 560be2e9-0b7e-4807-95af-7ff877884af2
2025-10-24 17:04:32 DEBUG c.l.S.configuration.LoggingAspect - Service: publishCourse - 14ms
2025-10-24 17:04:32 DEBUG org.hibernate.SQL - update courses set description=?,duration=?,image_url=?,is_published=?,modified_by=?,modified_date=?,price=?,title=? where id=?
2025-10-24 17:04:32 INFO  c.l.S.configuration.LoggingAspect - <== Controller: publishCourse completed in 37ms
2025-10-24 17:04:37 DEBUG c.l.S.configuration.LoggingAspect - Service: introspect - 0ms
2025-10-24 17:04:37 DEBUG o.s.s.o.s.r.a.JwtAuthenticationProvider - Authenticated token
2025-10-24 17:04:37 DEBUG o.s.s.o.s.r.w.a.BearerTokenAuthenticationFilter - Set SecurityContextHolder to JwtAuthenticationToken [Principal=org.springframework.security.oauth2.jwt.Jwt@88bc3319, Credentials=[PROTECTED], Authenticated=true, Details=WebAuthenticationDetails [RemoteIpAddress=0:0:0:0:0:0:0:1, SessionId=null], Granted Authorities=[ROLE_ADMIN]]
2025-10-24 17:04:37 INFO  c.l.S.configuration.LoggingAspect - ==> Controller: getAllCourses
2025-10-24 17:04:37 DEBUG org.hibernate.SQL - select ce1_0.id,ce1_0.created_by,ce1_0.created_date,ce1_0.description,ce1_0.duration,ce1_0.image_url,ce1_0.is_published,ce1_0.modified_by,ce1_0.modified_date,ce1_0.price,ce1_0.title from courses ce1_0 where ce1_0.is_published=?
2025-10-24 17:04:37 DEBUG org.hibernate.SQL - select t1_0.course_id,t1_1.id,t1_1.audio_id,t1_1.created_by,t1_1.created_date,t1_1.description,t1_1.modified_by,t1_1.modified_date,t1_1.name,t1_1.number_of_participants,t1_1.slug,t1_1.status,t1_1.type from course_tests t1_0 join test_entity t1_1 on t1_1.id=t1_0.test_id where t1_0.course_id=?
2025-10-24 17:04:37 DEBUG org.hibernate.SQL - select e1_0.course_id,e1_0.id,e1_0.created_by,e1_0.created_date,e1_0.enrolled_at,e1_0.expires_at,e1_0.modified_by,e1_0.modified_date,e1_0.status,e1_0.user_id from enrollments e1_0 where e1_0.course_id=?
2025-10-24 17:04:37 DEBUG c.l.S.configuration.LoggingAspect - Service: getAllPublishedCourses - 15ms
2025-10-24 17:04:37 INFO  c.l.S.configuration.LoggingAspect - <== Controller: getAllCourses completed in 15ms
2025-10-24 17:07:35 DEBUG c.l.S.configuration.LoggingAspect - Service: introspect - 1ms
2025-10-24 17:07:35 DEBUG o.s.s.o.s.r.a.JwtAuthenticationProvider - Authenticated token
2025-10-24 17:07:35 DEBUG o.s.s.o.s.r.w.a.BearerTokenAuthenticationFilter - Set SecurityContextHolder to JwtAuthenticationToken [Principal=org.springframework.security.oauth2.jwt.Jwt@88bc3319, Credentials=[PROTECTED], Authenticated=true, Details=WebAuthenticationDetails [RemoteIpAddress=0:0:0:0:0:0:0:1, SessionId=null], Granted Authorities=[ROLE_ADMIN]]
2025-10-24 17:07:35 INFO  c.l.S.configuration.LoggingAspect - ==> Controller: getCourse
2025-10-24 17:07:35 DEBUG org.hibernate.SQL - select ce1_0.id,ce1_0.created_by,ce1_0.created_date,ce1_0.description,ce1_0.duration,ce1_0.image_url,ce1_0.is_published,ce1_0.modified_by,ce1_0.modified_date,ce1_0.price,ce1_0.title from courses ce1_0 where ce1_0.id=?
2025-10-24 17:07:35 DEBUG org.hibernate.SQL - select t1_0.course_id,t1_1.id,t1_1.audio_id,t1_1.created_by,t1_1.created_date,t1_1.description,t1_1.modified_by,t1_1.modified_date,t1_1.name,t1_1.number_of_participants,t1_1.slug,t1_1.status,t1_1.type from course_tests t1_0 join test_entity t1_1 on t1_1.id=t1_0.test_id where t1_0.course_id=?
2025-10-24 17:07:35 DEBUG org.hibernate.SQL - select e1_0.course_id,e1_0.id,e1_0.created_by,e1_0.created_date,e1_0.enrolled_at,e1_0.expires_at,e1_0.modified_by,e1_0.modified_date,e1_0.status,e1_0.user_id from enrollments e1_0 where e1_0.course_id=?
2025-10-24 17:07:35 DEBUG c.l.S.configuration.LoggingAspect - Service: getCourseById - 13ms
2025-10-24 17:07:35 INFO  c.l.S.configuration.LoggingAspect - <== Controller: getCourse completed in 13ms
2025-10-24 17:10:26 DEBUG c.l.S.configuration.LoggingAspect - Service: introspect - 1ms
2025-10-24 17:10:26 DEBUG o.s.s.o.s.r.a.JwtAuthenticationProvider - Authenticated token
2025-10-24 17:10:26 DEBUG o.s.s.o.s.r.w.a.BearerTokenAuthenticationFilter - Set SecurityContextHolder to JwtAuthenticationToken [Principal=org.springframework.security.oauth2.jwt.Jwt@88bc3319, Credentials=[PROTECTED], Authenticated=true, Details=WebAuthenticationDetails [RemoteIpAddress=0:0:0:0:0:0:0:1, SessionId=null], Granted Authorities=[ROLE_ADMIN]]
2025-10-24 17:10:26 INFO  c.l.S.configuration.LoggingAspect - ==> Controller: purchaseCourse
2025-10-24 17:10:26 DEBUG org.hibernate.SQL - select ue1_0.id,ue1_0.auth_provider,ue1_0.created_by,ue1_0.created_date,ue1_0.dob,ue1_0.email,ue1_0.first_name,ue1_0.last_name,ue1_0.modified_by,ue1_0.modified_date,ue1_0.password,ue1_0.phone_number,ue1_0.provider_id,ue1_0.username from user_entity ue1_0 where ue1_0.username=?
2025-10-24 17:10:26 DEBUG org.hibernate.SQL - select ce1_0.id,ce1_0.created_by,ce1_0.created_date,ce1_0.description,ce1_0.duration,ce1_0.image_url,ce1_0.is_published,ce1_0.modified_by,ce1_0.modified_date,ce1_0.price,ce1_0.title from courses ce1_0 where ce1_0.id=?
2025-10-24 17:10:26 DEBUG c.l.S.configuration.LoggingAspect - Service: getCourseEntityById - 6ms
2025-10-24 17:10:30 INFO  c.l.S.s.impl.PaymentServiceImpl - Created PayPal payment for order: 801e4033-b4a0-4759-b8ac-4c80fa548b4b
2025-10-24 17:10:30 WARN  c.l.S.configuration.LoggingAspect - Service: createPayment took 3941ms (slow!)
2025-10-24 17:10:30 DEBUG org.hibernate.SQL - insert into orders (amount,course_id,created_by,created_date,modified_by,modified_date,paypal_order_id,paypal_payer_id,paypal_payment_id,status,user_id,id) values (?,?,?,?,?,?,?,?,?,?,?,?)
2025-10-24 17:10:30 DEBUG org.hibernate.SQL - update orders set amount=?,course_id=?,modified_by=?,modified_date=?,paypal_order_id=?,paypal_payer_id=?,paypal_payment_id=?,status=?,user_id=? where id=?
2025-10-24 17:10:30 INFO  c.l.S.configuration.LoggingAspect - <== Controller: purchaseCourse completed in 3972ms
2025-10-24 17:19:51 INFO  o.s.b.w.e.tomcat.GracefulShutdown - Commencing graceful shutdown. Waiting for active requests to complete
2025-10-24 17:19:51 INFO  o.s.b.w.e.tomcat.GracefulShutdown - Graceful shutdown complete
2025-10-24 17:19:51 INFO  o.s.o.j.LocalContainerEntityManagerFactoryBean - Closing JPA EntityManagerFactory for persistence unit 'default'
2025-10-24 17:19:51 INFO  com.zaxxer.hikari.HikariDataSource - HikariPool-1 - Shutdown initiated...
2025-10-24 17:19:51 INFO  com.zaxxer.hikari.HikariDataSource - HikariPool-1 - Shutdown completed.
2025-10-24 17:23:40 INFO  o.h.validator.internal.util.Version - HV000001: Hibernate Validator 8.0.3.Final
2025-10-24 17:23:41 INFO  com.lul.Stydu4.Stydu4Application - Starting Stydu4Application using Java 17.0.10 with PID 20524 (C:\Users\PC\Desktop\New folder (3)\stydu4\target\classes started by PC in C:\Users\PC\Desktop\New folder (3)\stydu4)
2025-10-24 17:23:41 DEBUG com.lul.Stydu4.Stydu4Application - Running with Spring Boot v3.5.6, Spring v6.2.11
2025-10-24 17:23:41 INFO  com.lul.Stydu4.Stydu4Application - No active profile set, falling back to 1 default profile: "default"
2025-10-24 17:23:42 INFO  o.s.d.r.c.RepositoryConfigurationDelegate - Multiple Spring Data modules found, entering strict repository configuration mode
2025-10-24 17:23:42 INFO  o.s.d.r.c.RepositoryConfigurationDelegate - Bootstrapping Spring Data JPA repositories in DEFAULT mode.
2025-10-24 17:23:43 INFO  o.s.d.r.c.RepositoryConfigurationDelegate - Finished Spring Data repository scanning in 334 ms. Found 15 JPA repository interfaces.
2025-10-24 17:23:43 INFO  o.s.d.r.c.RepositoryConfigurationDelegate - Multiple Spring Data modules found, entering strict repository configuration mode
2025-10-24 17:23:43 INFO  o.s.d.r.c.RepositoryConfigurationDelegate - Bootstrapping Spring Data Redis repositories in DEFAULT mode.
2025-10-24 17:23:43 INFO  o.s.d.r.c.RepositoryConfigurationExtensionSupport - Spring Data Redis - Could not safely identify store assignment for repository candidate interface com.lul.Stydu4.repository.IAnswerRepository; If you want this repository to be a Redis repository, consider annotating your entities with one of these annotations: org.springframework.data.redis.core.RedisHash (preferred), or consider extending one of the following types with your repository: org.springframework.data.keyvalue.repository.KeyValueRepository
2025-10-24 17:23:43 INFO  o.s.d.r.c.RepositoryConfigurationExtensionSupport - Spring Data Redis - Could not safely identify store assignment for repository candidate interface com.lul.Stydu4.repository.ICourseRepository; If you want this repository to be a Redis repository, consider annotating your entities with one of these annotations: org.springframework.data.redis.core.RedisHash (preferred), or consider extending one of the following types with your repository: org.springframework.data.keyvalue.repository.KeyValueRepository
2025-10-24 17:23:43 INFO  o.s.d.r.c.RepositoryConfigurationExtensionSupport - Spring Data Redis - Could not safely identify store assignment for repository candidate interface com.lul.Stydu4.repository.IEnrollmentRepository; If you want this repository to be a Redis repository, consider annotating your entities with one of these annotations: org.springframework.data.redis.core.RedisHash (preferred), or consider extending one of the following types with your repository: org.springframework.data.keyvalue.repository.KeyValueRepository
2025-10-24 17:23:43 INFO  o.s.d.r.c.RepositoryConfigurationExtensionSupport - Spring Data Redis - Could not safely identify store assignment for repository candidate interface com.lul.Stydu4.repository.IFileRepository; If you want this repository to be a Redis repository, consider annotating your entities with one of these annotations: org.springframework.data.redis.core.RedisHash (preferred), or consider extending one of the following types with your repository: org.springframework.data.keyvalue.repository.KeyValueRepository
2025-10-24 17:23:43 INFO  o.s.d.r.c.RepositoryConfigurationExtensionSupport - Spring Data Redis - Could not safely identify store assignment for repository candidate interface com.lul.Stydu4.repository.IOrderRepository; If you want this repository to be a Redis repository, consider annotating your entities with one of these annotations: org.springframework.data.redis.core.RedisHash (preferred), or consider extending one of the following types with your repository: org.springframework.data.keyvalue.repository.KeyValueRepository
2025-10-24 17:23:43 INFO  o.s.d.r.c.RepositoryConfigurationExtensionSupport - Spring Data Redis - Could not safely identify store assignment for repository candidate interface com.lul.Stydu4.repository.IPartTestRepository; If you want this repository to be a Redis repository, consider annotating your entities with one of these annotations: org.springframework.data.redis.core.RedisHash (preferred), or consider extending one of the following types with your repository: org.springframework.data.keyvalue.repository.KeyValueRepository
2025-10-24 17:23:43 INFO  o.s.d.r.c.RepositoryConfigurationExtensionSupport - Spring Data Redis - Could not safely identify store assignment for repository candidate interface com.lul.Stydu4.repository.IPermissionRepository; If you want this repository to be a Redis repository, consider annotating your entities with one of these annotations: org.springframework.data.redis.core.RedisHash (preferred), or consider extending one of the following types with your repository: org.springframework.data.keyvalue.repository.KeyValueRepository
2025-10-24 17:23:43 INFO  o.s.d.r.c.RepositoryConfigurationExtensionSupport - Spring Data Redis - Could not safely identify store assignment for repository candidate interface com.lul.Stydu4.repository.IQuestionGroupRepository; If you want this repository to be a Redis repository, consider annotating your entities with one of these annotations: org.springframework.data.redis.core.RedisHash (preferred), or consider extending one of the following types with your repository: org.springframework.data.keyvalue.repository.KeyValueRepository
2025-10-24 17:23:43 INFO  o.s.d.r.c.RepositoryConfigurationExtensionSupport - Spring Data Redis - Could not safely identify store assignment for repository candidate interface com.lul.Stydu4.repository.IQuestionTestRepository; If you want this repository to be a Redis repository, consider annotating your entities with one of these annotations: org.springframework.data.redis.core.RedisHash (preferred), or consider extending one of the following types with your repository: org.springframework.data.keyvalue.repository.KeyValueRepository
2025-10-24 17:23:43 INFO  o.s.d.r.c.RepositoryConfigurationExtensionSupport - Spring Data Redis - Could not safely identify store assignment for repository candidate interface com.lul.Stydu4.repository.IResultHavePartsRepository; If you want this repository to be a Redis repository, consider annotating your entities with one of these annotations: org.springframework.data.redis.core.RedisHash (preferred), or consider extending one of the following types with your repository: org.springframework.data.keyvalue.repository.KeyValueRepository
2025-10-24 17:23:43 INFO  o.s.d.r.c.RepositoryConfigurationExtensionSupport - Spring Data Redis - Could not safely identify store assignment for repository candidate interface com.lul.Stydu4.repository.IResultRepository; If you want this repository to be a Redis repository, consider annotating your entities with one of these annotations: org.springframework.data.redis.core.RedisHash (preferred), or consider extending one of the following types with your repository: org.springframework.data.keyvalue.repository.KeyValueRepository
2025-10-24 17:23:43 INFO  o.s.d.r.c.RepositoryConfigurationExtensionSupport - Spring Data Redis - Could not safely identify store assignment for repository candidate interface com.lul.Stydu4.repository.IRoleRepository; If you want this repository to be a Redis repository, consider annotating your entities with one of these annotations: org.springframework.data.redis.core.RedisHash (preferred), or consider extending one of the following types with your repository: org.springframework.data.keyvalue.repository.KeyValueRepository
2025-10-24 17:23:43 INFO  o.s.d.r.c.RepositoryConfigurationExtensionSupport - Spring Data Redis - Could not safely identify store assignment for repository candidate interface com.lul.Stydu4.repository.ITestRepository; If you want this repository to be a Redis repository, consider annotating your entities with one of these annotations: org.springframework.data.redis.core.RedisHash (preferred), or consider extending one of the following types with your repository: org.springframework.data.keyvalue.repository.KeyValueRepository
2025-10-24 17:23:43 INFO  o.s.d.r.c.RepositoryConfigurationExtensionSupport - Spring Data Redis - Could not safely identify store assignment for repository candidate interface com.lul.Stydu4.repository.IUserAnswerRepository; If you want this repository to be a Redis repository, consider annotating your entities with one of these annotations: org.springframework.data.redis.core.RedisHash (preferred), or consider extending one of the following types with your repository: org.springframework.data.keyvalue.repository.KeyValueRepository
2025-10-24 17:23:43 INFO  o.s.d.r.c.RepositoryConfigurationExtensionSupport - Spring Data Redis - Could not safely identify store assignment for repository candidate interface com.lul.Stydu4.repository.IUserRepository; If you want this repository to be a Redis repository, consider annotating your entities with one of these annotations: org.springframework.data.redis.core.RedisHash (preferred), or consider extending one of the following types with your repository: org.springframework.data.keyvalue.repository.KeyValueRepository
2025-10-24 17:23:43 INFO  o.s.d.r.c.RepositoryConfigurationDelegate - Finished Spring Data repository scanning in 30 ms. Found 0 Redis repository interfaces.
2025-10-24 17:23:44 INFO  o.s.b.w.e.tomcat.TomcatWebServer - Tomcat initialized with port 8080 (http)
2025-10-24 17:23:44 INFO  o.a.coyote.http11.Http11NioProtocol - Initializing ProtocolHandler ["http-nio-8080"]
2025-10-24 17:23:44 INFO  o.a.catalina.core.StandardService - Starting service [Tomcat]
2025-10-24 17:23:44 INFO  o.a.catalina.core.StandardEngine - Starting Servlet engine: [Apache Tomcat/10.1.46]
2025-10-24 17:23:44 INFO  o.a.c.c.C.[Tomcat].[localhost].[/] - Initializing Spring embedded WebApplicationContext
2025-10-24 17:23:44 INFO  o.s.b.w.s.c.ServletWebServerApplicationContext - Root WebApplicationContext: initialization completed in 3513 ms
2025-10-24 17:23:44 INFO  o.h.jpa.internal.util.LogHelper - HHH000204: Processing PersistenceUnitInfo [name: default]
2025-10-24 17:23:45 INFO  org.hibernate.Version - HHH000412: Hibernate ORM core version 6.6.29.Final
2025-10-24 17:23:45 INFO  o.h.c.i.RegionFactoryInitiator - HHH000026: Second-level cache disabled
2025-10-24 17:23:45 INFO  o.s.o.j.p.SpringPersistenceUnitInfo - No LoadTimeWeaver setup: ignoring JPA class transformer
2025-10-24 17:23:45 INFO  com.zaxxer.hikari.HikariDataSource - HikariPool-1 - Starting...
2025-10-24 17:23:46 INFO  com.zaxxer.hikari.pool.HikariPool - HikariPool-1 - Added connection com.mysql.cj.jdbc.ConnectionImpl@65698020
2025-10-24 17:23:46 INFO  com.zaxxer.hikari.HikariDataSource - HikariPool-1 - Start completed.
2025-10-24 17:23:46 WARN  org.hibernate.orm.deprecation - HHH90000025: MySQLDialect does not need to be specified explicitly using 'hibernate.dialect' (remove the property setting and it will be selected by default)
2025-10-24 17:23:46 INFO  o.hibernate.orm.connections.pooling - HHH10001005: Database info:
	Database JDBC URL [Connecting through datasource 'HikariDataSource (HikariPool-1)']
	Database driver: undefined/unknown
	Database version: 8.0.43
	Autocommit mode: undefined/unknown
	Isolation level: undefined/unknown
	Minimum pool size: undefined/unknown
	Maximum pool size: undefined/unknown
2025-10-24 17:23:48 INFO  o.h.e.t.j.p.i.JtaPlatformInitiator - HHH000489: No JTA platform available (set 'hibernate.transaction.jta.platform' to enable JTA platform integration)
2025-10-24 17:23:48 DEBUG org.hibernate.SQL - alter table files modify column file_type enum ('AUDIO','DOCUMENT','IMAGE') not null
2025-10-24 17:23:48 DEBUG org.hibernate.SQL - alter table orders add column stripe_customer_id varchar(255)
2025-10-24 17:23:48 DEBUG org.hibernate.SQL - alter table orders add column stripe_payment_intent_id varchar(255)
2025-10-24 17:23:48 DEBUG org.hibernate.SQL - alter table orders add column stripe_session_id varchar(255)
2025-10-24 17:23:48 INFO  o.s.o.j.LocalContainerEntityManagerFactoryBean - Initialized JPA EntityManagerFactory for persistence unit 'default'
2025-10-24 17:23:50 INFO  o.s.d.j.r.query.QueryEnhancerFactory - Hibernate is in classpath; If applicable, HQL parser will be used.
2025-10-24 17:23:52 WARN  o.s.b.a.o.j.JpaBaseConfiguration$JpaWebConfiguration - spring.jpa.open-in-view is enabled by default. Therefore, database queries may be performed during view rendering. Explicitly configure spring.jpa.open-in-view to disable this warning
2025-10-24 17:23:54 INFO  o.a.coyote.http11.Http11NioProtocol - Starting ProtocolHandler ["http-nio-8080"]
2025-10-24 17:23:54 INFO  o.s.b.w.e.tomcat.TomcatWebServer - Tomcat started on port 8080 (http) with context path '/'
2025-10-24 17:23:54 INFO  com.lul.Stydu4.Stydu4Application - Started Stydu4Application in 13.934 seconds (process running for 14.491)
2025-10-24 17:23:54 INFO  c.l.S.c.ApplicationInitConfig - ========== APPLICATION INITIALIZATION START ==========
2025-10-24 17:23:54 INFO  c.l.S.c.ApplicationInitConfig - Checking roles...
2025-10-24 17:23:54 DEBUG org.hibernate.SQL - select count(*) from role_entity re1_0 where re1_0.name=?
2025-10-24 17:23:54 DEBUG c.l.S.c.ApplicationInitConfig - Role ADMIN already exists
2025-10-24 17:23:54 DEBUG org.hibernate.SQL - select count(*) from role_entity re1_0 where re1_0.name=?
2025-10-24 17:23:54 DEBUG c.l.S.c.ApplicationInitConfig - Role USER already exists
2025-10-24 17:23:54 INFO  c.l.S.c.ApplicationInitConfig - All roles already exist
2025-10-24 17:23:54 INFO  c.l.S.c.ApplicationInitConfig - Checking admin user...
2025-10-24 17:23:54 DEBUG org.hibernate.SQL - select ue1_0.id from user_entity ue1_0 where ue1_0.username=? limit ?
2025-10-24 17:23:54 INFO  c.l.S.c.ApplicationInitConfig - Admin user already exists
2025-10-24 17:23:54 INFO  c.l.S.c.ApplicationInitConfig - ========== APPLICATION INITIALIZATION COMPLETED ==========
2025-10-24 17:28:26 INFO  o.s.b.w.e.tomcat.GracefulShutdown - Commencing graceful shutdown. Waiting for active requests to complete
2025-10-24 17:28:26 INFO  o.s.b.w.e.tomcat.GracefulShutdown - Graceful shutdown complete
2025-10-24 17:28:26 INFO  o.s.o.j.LocalContainerEntityManagerFactoryBean - Closing JPA EntityManagerFactory for persistence unit 'default'
2025-10-24 17:28:26 INFO  com.zaxxer.hikari.HikariDataSource - HikariPool-1 - Shutdown initiated...
2025-10-24 17:28:26 INFO  com.zaxxer.hikari.HikariDataSource - HikariPool-1 - Shutdown completed.
2025-10-24 17:31:54 INFO  o.h.validator.internal.util.Version - HV000001: Hibernate Validator 8.0.3.Final
2025-10-24 17:31:54 INFO  com.lul.Stydu4.Stydu4Application - Starting Stydu4Application using Java 17.0.10 with PID 22084 (C:\Users\PC\Desktop\New folder (3)\stydu4\target\classes started by PC in C:\Users\PC\Desktop\New folder (3)\stydu4)
2025-10-24 17:31:54 DEBUG com.lul.Stydu4.Stydu4Application - Running with Spring Boot v3.5.6, Spring v6.2.11
2025-10-24 17:31:54 INFO  com.lul.Stydu4.Stydu4Application - No active profile set, falling back to 1 default profile: "default"
2025-10-24 17:31:55 INFO  o.s.d.r.c.RepositoryConfigurationDelegate - Multiple Spring Data modules found, entering strict repository configuration mode
2025-10-24 17:31:55 INFO  o.s.d.r.c.RepositoryConfigurationDelegate - Bootstrapping Spring Data JPA repositories in DEFAULT mode.
2025-10-24 17:31:55 INFO  o.s.d.r.c.RepositoryConfigurationDelegate - Finished Spring Data repository scanning in 167 ms. Found 15 JPA repository interfaces.
2025-10-24 17:31:55 INFO  o.s.d.r.c.RepositoryConfigurationDelegate - Multiple Spring Data modules found, entering strict repository configuration mode
2025-10-24 17:31:55 INFO  o.s.d.r.c.RepositoryConfigurationDelegate - Bootstrapping Spring Data Redis repositories in DEFAULT mode.
2025-10-24 17:31:55 INFO  o.s.d.r.c.RepositoryConfigurationExtensionSupport - Spring Data Redis - Could not safely identify store assignment for repository candidate interface com.lul.Stydu4.repository.IAnswerRepository; If you want this repository to be a Redis repository, consider annotating your entities with one of these annotations: org.springframework.data.redis.core.RedisHash (preferred), or consider extending one of the following types with your repository: org.springframework.data.keyvalue.repository.KeyValueRepository
2025-10-24 17:31:55 INFO  o.s.d.r.c.RepositoryConfigurationExtensionSupport - Spring Data Redis - Could not safely identify store assignment for repository candidate interface com.lul.Stydu4.repository.ICourseRepository; If you want this repository to be a Redis repository, consider annotating your entities with one of these annotations: org.springframework.data.redis.core.RedisHash (preferred), or consider extending one of the following types with your repository: org.springframework.data.keyvalue.repository.KeyValueRepository
2025-10-24 17:31:55 INFO  o.s.d.r.c.RepositoryConfigurationExtensionSupport - Spring Data Redis - Could not safely identify store assignment for repository candidate interface com.lul.Stydu4.repository.IEnrollmentRepository; If you want this repository to be a Redis repository, consider annotating your entities with one of these annotations: org.springframework.data.redis.core.RedisHash (preferred), or consider extending one of the following types with your repository: org.springframework.data.keyvalue.repository.KeyValueRepository
2025-10-24 17:31:55 INFO  o.s.d.r.c.RepositoryConfigurationExtensionSupport - Spring Data Redis - Could not safely identify store assignment for repository candidate interface com.lul.Stydu4.repository.IFileRepository; If you want this repository to be a Redis repository, consider annotating your entities with one of these annotations: org.springframework.data.redis.core.RedisHash (preferred), or consider extending one of the following types with your repository: org.springframework.data.keyvalue.repository.KeyValueRepository
2025-10-24 17:31:55 INFO  o.s.d.r.c.RepositoryConfigurationExtensionSupport - Spring Data Redis - Could not safely identify store assignment for repository candidate interface com.lul.Stydu4.repository.IOrderRepository; If you want this repository to be a Redis repository, consider annotating your entities with one of these annotations: org.springframework.data.redis.core.RedisHash (preferred), or consider extending one of the following types with your repository: org.springframework.data.keyvalue.repository.KeyValueRepository
2025-10-24 17:31:55 INFO  o.s.d.r.c.RepositoryConfigurationExtensionSupport - Spring Data Redis - Could not safely identify store assignment for repository candidate interface com.lul.Stydu4.repository.IPartTestRepository; If you want this repository to be a Redis repository, consider annotating your entities with one of these annotations: org.springframework.data.redis.core.RedisHash (preferred), or consider extending one of the following types with your repository: org.springframework.data.keyvalue.repository.KeyValueRepository
2025-10-24 17:31:55 INFO  o.s.d.r.c.RepositoryConfigurationExtensionSupport - Spring Data Redis - Could not safely identify store assignment for repository candidate interface com.lul.Stydu4.repository.IPermissionRepository; If you want this repository to be a Redis repository, consider annotating your entities with one of these annotations: org.springframework.data.redis.core.RedisHash (preferred), or consider extending one of the following types with your repository: org.springframework.data.keyvalue.repository.KeyValueRepository
2025-10-24 17:31:55 INFO  o.s.d.r.c.RepositoryConfigurationExtensionSupport - Spring Data Redis - Could not safely identify store assignment for repository candidate interface com.lul.Stydu4.repository.IQuestionGroupRepository; If you want this repository to be a Redis repository, consider annotating your entities with one of these annotations: org.springframework.data.redis.core.RedisHash (preferred), or consider extending one of the following types with your repository: org.springframework.data.keyvalue.repository.KeyValueRepository
2025-10-24 17:31:55 INFO  o.s.d.r.c.RepositoryConfigurationExtensionSupport - Spring Data Redis - Could not safely identify store assignment for repository candidate interface com.lul.Stydu4.repository.IQuestionTestRepository; If you want this repository to be a Redis repository, consider annotating your entities with one of these annotations: org.springframework.data.redis.core.RedisHash (preferred), or consider extending one of the following types with your repository: org.springframework.data.keyvalue.repository.KeyValueRepository
2025-10-24 17:31:55 INFO  o.s.d.r.c.RepositoryConfigurationExtensionSupport - Spring Data Redis - Could not safely identify store assignment for repository candidate interface com.lul.Stydu4.repository.IResultHavePartsRepository; If you want this repository to be a Redis repository, consider annotating your entities with one of these annotations: org.springframework.data.redis.core.RedisHash (preferred), or consider extending one of the following types with your repository: org.springframework.data.keyvalue.repository.KeyValueRepository
2025-10-24 17:31:55 INFO  o.s.d.r.c.RepositoryConfigurationExtensionSupport - Spring Data Redis - Could not safely identify store assignment for repository candidate interface com.lul.Stydu4.repository.IResultRepository; If you want this repository to be a Redis repository, consider annotating your entities with one of these annotations: org.springframework.data.redis.core.RedisHash (preferred), or consider extending one of the following types with your repository: org.springframework.data.keyvalue.repository.KeyValueRepository
2025-10-24 17:31:55 INFO  o.s.d.r.c.RepositoryConfigurationExtensionSupport - Spring Data Redis - Could not safely identify store assignment for repository candidate interface com.lul.Stydu4.repository.IRoleRepository; If you want this repository to be a Redis repository, consider annotating your entities with one of these annotations: org.springframework.data.redis.core.RedisHash (preferred), or consider extending one of the following types with your repository: org.springframework.data.keyvalue.repository.KeyValueRepository
2025-10-24 17:31:55 INFO  o.s.d.r.c.RepositoryConfigurationExtensionSupport - Spring Data Redis - Could not safely identify store assignment for repository candidate interface com.lul.Stydu4.repository.ITestRepository; If you want this repository to be a Redis repository, consider annotating your entities with one of these annotations: org.springframework.data.redis.core.RedisHash (preferred), or consider extending one of the following types with your repository: org.springframework.data.keyvalue.repository.KeyValueRepository
2025-10-24 17:31:55 INFO  o.s.d.r.c.RepositoryConfigurationExtensionSupport - Spring Data Redis - Could not safely identify store assignment for repository candidate interface com.lul.Stydu4.repository.IUserAnswerRepository; If you want this repository to be a Redis repository, consider annotating your entities with one of these annotations: org.springframework.data.redis.core.RedisHash (preferred), or consider extending one of the following types with your repository: org.springframework.data.keyvalue.repository.KeyValueRepository
2025-10-24 17:31:55 INFO  o.s.d.r.c.RepositoryConfigurationExtensionSupport - Spring Data Redis - Could not safely identify store assignment for repository candidate interface com.lul.Stydu4.repository.IUserRepository; If you want this repository to be a Redis repository, consider annotating your entities with one of these annotations: org.springframework.data.redis.core.RedisHash (preferred), or consider extending one of the following types with your repository: org.springframework.data.keyvalue.repository.KeyValueRepository
2025-10-24 17:31:55 INFO  o.s.d.r.c.RepositoryConfigurationDelegate - Finished Spring Data repository scanning in 16 ms. Found 0 Redis repository interfaces.
2025-10-24 17:31:55 INFO  o.s.b.w.e.tomcat.TomcatWebServer - Tomcat initialized with port 8080 (http)
2025-10-24 17:31:55 INFO  o.a.coyote.http11.Http11NioProtocol - Initializing ProtocolHandler ["http-nio-8080"]
2025-10-24 17:31:55 INFO  o.a.catalina.core.StandardService - Starting service [Tomcat]
2025-10-24 17:31:55 INFO  o.a.catalina.core.StandardEngine - Starting Servlet engine: [Apache Tomcat/10.1.46]
2025-10-24 17:31:55 INFO  o.a.c.c.C.[Tomcat].[localhost].[/] - Initializing Spring embedded WebApplicationContext
2025-10-24 17:31:55 INFO  o.s.b.w.s.c.ServletWebServerApplicationContext - Root WebApplicationContext: initialization completed in 1721 ms
2025-10-24 17:31:56 INFO  o.h.jpa.internal.util.LogHelper - HHH000204: Processing PersistenceUnitInfo [name: default]
2025-10-24 17:31:56 INFO  org.hibernate.Version - HHH000412: Hibernate ORM core version 6.6.29.Final
2025-10-24 17:31:56 INFO  o.h.c.i.RegionFactoryInitiator - HHH000026: Second-level cache disabled
2025-10-24 17:31:56 INFO  o.s.o.j.p.SpringPersistenceUnitInfo - No LoadTimeWeaver setup: ignoring JPA class transformer
2025-10-24 17:31:56 INFO  com.zaxxer.hikari.HikariDataSource - HikariPool-1 - Starting...
2025-10-24 17:31:56 INFO  com.zaxxer.hikari.pool.HikariPool - HikariPool-1 - Added connection com.mysql.cj.jdbc.ConnectionImpl@70cac22a
2025-10-24 17:31:56 INFO  com.zaxxer.hikari.HikariDataSource - HikariPool-1 - Start completed.
2025-10-24 17:31:56 WARN  org.hibernate.orm.deprecation - HHH90000025: MySQLDialect does not need to be specified explicitly using 'hibernate.dialect' (remove the property setting and it will be selected by default)
2025-10-24 17:31:56 INFO  o.hibernate.orm.connections.pooling - HHH10001005: Database info:
	Database JDBC URL [Connecting through datasource 'HikariDataSource (HikariPool-1)']
	Database driver: undefined/unknown
	Database version: 8.0.43
	Autocommit mode: undefined/unknown
	Isolation level: undefined/unknown
	Minimum pool size: undefined/unknown
	Maximum pool size: undefined/unknown
2025-10-24 17:31:57 INFO  o.h.e.t.j.p.i.JtaPlatformInitiator - HHH000489: No JTA platform available (set 'hibernate.transaction.jta.platform' to enable JTA platform integration)
2025-10-24 17:31:57 DEBUG org.hibernate.SQL - alter table files modify column file_type enum ('AUDIO','DOCUMENT','IMAGE') not null
2025-10-24 17:31:57 INFO  o.s.o.j.LocalContainerEntityManagerFactoryBean - Initialized JPA EntityManagerFactory for persistence unit 'default'
2025-10-24 17:31:58 INFO  o.s.d.j.r.query.QueryEnhancerFactory - Hibernate is in classpath; If applicable, HQL parser will be used.
2025-10-24 17:31:59 WARN  o.s.b.a.o.j.JpaBaseConfiguration$JpaWebConfiguration - spring.jpa.open-in-view is enabled by default. Therefore, database queries may be performed during view rendering. Explicitly configure spring.jpa.open-in-view to disable this warning
2025-10-24 17:32:00 INFO  o.a.coyote.http11.Http11NioProtocol - Starting ProtocolHandler ["http-nio-8080"]
2025-10-24 17:32:00 INFO  o.s.b.w.e.tomcat.TomcatWebServer - Tomcat started on port 8080 (http) with context path '/'
2025-10-24 17:32:00 INFO  com.lul.Stydu4.Stydu4Application - Started Stydu4Application in 6.652 seconds (process running for 6.939)
2025-10-24 17:32:00 INFO  c.l.S.c.ApplicationInitConfig - ========== APPLICATION INITIALIZATION START ==========
2025-10-24 17:32:00 INFO  c.l.S.c.ApplicationInitConfig - Checking roles...
2025-10-24 17:32:00 DEBUG org.hibernate.SQL - select count(*) from role_entity re1_0 where re1_0.name=?
2025-10-24 17:32:00 DEBUG c.l.S.c.ApplicationInitConfig - Role ADMIN already exists
2025-10-24 17:32:00 DEBUG org.hibernate.SQL - select count(*) from role_entity re1_0 where re1_0.name=?
2025-10-24 17:32:00 DEBUG c.l.S.c.ApplicationInitConfig - Role USER already exists
2025-10-24 17:32:00 INFO  c.l.S.c.ApplicationInitConfig - All roles already exist
2025-10-24 17:32:00 INFO  c.l.S.c.ApplicationInitConfig - Checking admin user...
2025-10-24 17:32:00 DEBUG org.hibernate.SQL - select ue1_0.id from user_entity ue1_0 where ue1_0.username=? limit ?
2025-10-24 17:32:00 INFO  c.l.S.c.ApplicationInitConfig - Admin user already exists
2025-10-24 17:32:00 INFO  c.l.S.c.ApplicationInitConfig - ========== APPLICATION INITIALIZATION COMPLETED ==========
2025-10-24 17:32:05 INFO  o.a.c.c.C.[Tomcat].[localhost].[/] - Initializing Spring DispatcherServlet 'dispatcherServlet'
2025-10-24 17:32:05 INFO  o.s.web.servlet.DispatcherServlet - Initializing Servlet 'dispatcherServlet'
2025-10-24 17:32:05 INFO  o.s.web.servlet.DispatcherServlet - Completed initialization in 3 ms
2025-10-24 17:32:05 DEBUG c.l.S.configuration.LoggingAspect - Service: introspect - 78ms
2025-10-24 17:32:06 DEBUG o.s.s.o.s.r.a.JwtAuthenticationProvider - Authenticated token
2025-10-24 17:32:06 DEBUG o.s.s.o.s.r.w.a.BearerTokenAuthenticationFilter - Set SecurityContextHolder to JwtAuthenticationToken [Principal=org.springframework.security.oauth2.jwt.Jwt@88bc3319, Credentials=[PROTECTED], Authenticated=true, Details=WebAuthenticationDetails [RemoteIpAddress=0:0:0:0:0:0:0:1, SessionId=null], Granted Authorities=[ROLE_ADMIN]]
2025-10-24 17:32:06 INFO  c.l.S.configuration.LoggingAspect - ==> Controller: purchaseCourse
2025-10-24 17:32:06 DEBUG org.hibernate.SQL - select ue1_0.id,ue1_0.auth_provider,ue1_0.created_by,ue1_0.created_date,ue1_0.dob,ue1_0.email,ue1_0.first_name,ue1_0.last_name,ue1_0.modified_by,ue1_0.modified_date,ue1_0.password,ue1_0.phone_number,ue1_0.provider_id,ue1_0.username from user_entity ue1_0 where ue1_0.username=?
2025-10-24 17:32:06 DEBUG org.hibernate.SQL - select ce1_0.id,ce1_0.created_by,ce1_0.created_date,ce1_0.description,ce1_0.duration,ce1_0.image_url,ce1_0.is_published,ce1_0.modified_by,ce1_0.modified_date,ce1_0.price,ce1_0.title from courses ce1_0 where ce1_0.id=?
2025-10-24 17:32:06 DEBUG c.l.S.configuration.LoggingAspect - Service: getCourseEntityById - 15ms
2025-10-24 17:32:07 INFO  c.l.S.s.impl.PaymentServiceImpl - Created Stripe payment session for order: 18054a4d-e6cb-4614-86d2-589206798075
2025-10-24 17:32:07 WARN  c.l.S.configuration.LoggingAspect - Service: createPayment took 1882ms (slow!)
2025-10-24 17:32:08 DEBUG org.hibernate.SQL - insert into orders (amount,course_id,created_by,created_date,modified_by,modified_date,status,stripe_customer_id,stripe_payment_intent_id,stripe_session_id,user_id,id) values (?,?,?,?,?,?,?,?,?,?,?,?)
2025-10-24 17:32:08 DEBUG org.hibernate.SQL - update orders set amount=?,course_id=?,modified_by=?,modified_date=?,status=?,stripe_customer_id=?,stripe_payment_intent_id=?,stripe_session_id=?,user_id=? where id=?
2025-10-24 17:32:08 INFO  c.l.S.configuration.LoggingAspect - <== Controller: purchaseCourse completed in 1986ms
2025-10-24 17:35:28 DEBUG c.l.S.configuration.LoggingAspect - Service: introspect - 1ms
2025-10-24 17:35:28 DEBUG o.s.s.o.s.r.a.JwtAuthenticationProvider - Authenticated token
2025-10-24 17:35:28 DEBUG o.s.s.o.s.r.w.a.BearerTokenAuthenticationFilter - Set SecurityContextHolder to JwtAuthenticationToken [Principal=org.springframework.security.oauth2.jwt.Jwt@88bc3319, Credentials=[PROTECTED], Authenticated=true, Details=WebAuthenticationDetails [RemoteIpAddress=0:0:0:0:0:0:0:1, SessionId=null], Granted Authorities=[ROLE_ADMIN]]
2025-10-24 17:35:28 ERROR c.l.S.e.GlobalExceptionHandler - HttpMessageNotReadable: JSON parse error: Unexpected end-of-input: expected close marker for Object (start marker at [Source: REDACTED (`StreamReadFeature.INCLUDE_SOURCE_IN_LOCATION` disabled); line: 1, column: 1])
2025-10-24 17:35:44 DEBUG c.l.S.configuration.LoggingAspect - Service: introspect - 0ms
2025-10-24 17:35:44 DEBUG o.s.s.o.s.r.a.JwtAuthenticationProvider - Authenticated token
2025-10-24 17:35:44 DEBUG o.s.s.o.s.r.w.a.BearerTokenAuthenticationFilter - Set SecurityContextHolder to JwtAuthenticationToken [Principal=org.springframework.security.oauth2.jwt.Jwt@88bc3319, Credentials=[PROTECTED], Authenticated=true, Details=WebAuthenticationDetails [RemoteIpAddress=0:0:0:0:0:0:0:1, SessionId=null], Granted Authorities=[ROLE_ADMIN]]
2025-10-24 17:35:44 INFO  c.l.S.configuration.LoggingAspect - ==> Controller: capturePayment
2025-10-24 17:35:45 DEBUG org.hibernate.SQL - select oe1_0.id,oe1_0.amount,oe1_0.course_id,oe1_0.created_by,oe1_0.created_date,oe1_0.modified_by,oe1_0.modified_date,oe1_0.status,oe1_0.stripe_customer_id,oe1_0.stripe_payment_intent_id,oe1_0.stripe_session_id,oe1_0.user_id from orders oe1_0 where oe1_0.stripe_session_id=?
2025-10-24 17:35:45 INFO  c.l.S.s.impl.PaymentServiceImpl - Payment completed for order: 18054a4d-e6cb-4614-86d2-589206798075
2025-10-24 17:35:45 WARN  c.l.S.configuration.LoggingAspect - Service: capturePayment took 1092ms (slow!)
2025-10-24 17:35:45 DEBUG org.hibernate.SQL - update orders set amount=?,course_id=?,modified_by=?,modified_date=?,status=?,stripe_customer_id=?,stripe_payment_intent_id=?,stripe_session_id=?,user_id=? where id=?
2025-10-24 17:35:45 DEBUG org.hibernate.SQL - select ue1_0.id,ue1_0.auth_provider,ue1_0.created_by,ue1_0.created_date,ue1_0.dob,ue1_0.email,ue1_0.first_name,ue1_0.last_name,ue1_0.modified_by,ue1_0.modified_date,ue1_0.password,ue1_0.phone_number,ue1_0.provider_id,ue1_0.username from user_entity ue1_0 where ue1_0.username=?
2025-10-24 17:35:45 DEBUG c.l.S.configuration.LoggingAspect - Service: getCourseFromOrder - 5ms
2025-10-24 17:35:45 DEBUG org.hibernate.SQL - select ee1_0.id from enrollments ee1_0 left join user_entity u1_0 on u1_0.id=ee1_0.user_id left join courses c1_0 on c1_0.id=ee1_0.course_id where u1_0.id=? and c1_0.id=? limit ?
2025-10-24 17:35:45 DEBUG org.hibernate.SQL - select ce1_0.id,ce1_0.created_by,ce1_0.created_date,ce1_0.description,ce1_0.duration,ce1_0.image_url,ce1_0.is_published,ce1_0.modified_by,ce1_0.modified_date,ce1_0.price,ce1_0.title from courses ce1_0 where ce1_0.id=?
2025-10-24 17:35:45 INFO  c.l.S.s.impl.EnrollmentServiceImpl - User 67da702c-331e-4945-8d22-288ff35fcbce enrolled in course 560be2e9-0b7e-4807-95af-7ff877884af2
2025-10-24 17:35:45 DEBUG c.l.S.configuration.LoggingAspect - Service: enrollUser - 20ms
2025-10-24 17:35:45 DEBUG org.hibernate.SQL - insert into enrollments (course_id,created_by,created_date,enrolled_at,expires_at,modified_by,modified_date,status,user_id,id) values (?,?,?,?,?,?,?,?,?,?)
2025-10-24 17:35:45 INFO  c.l.S.configuration.LoggingAspect - <== Controller: capturePayment completed in 1142ms
2025-10-24 17:41:23 DEBUG c.l.S.configuration.LoggingAspect - Service: introspect - 1ms
2025-10-24 17:41:23 DEBUG o.s.s.o.s.r.a.JwtAuthenticationProvider - Authenticated token
2025-10-24 17:41:23 DEBUG o.s.s.o.s.r.w.a.BearerTokenAuthenticationFilter - Set SecurityContextHolder to JwtAuthenticationToken [Principal=org.springframework.security.oauth2.jwt.Jwt@88bc3319, Credentials=[PROTECTED], Authenticated=true, Details=WebAuthenticationDetails [RemoteIpAddress=0:0:0:0:0:0:0:1, SessionId=null], Granted Authorities=[ROLE_ADMIN]]
2025-10-24 17:41:23 INFO  c.l.S.configuration.LoggingAspect - ==> Controller: getMyCourses
2025-10-24 17:41:23 DEBUG org.hibernate.SQL - select ue1_0.id,ue1_0.auth_provider,ue1_0.created_by,ue1_0.created_date,ue1_0.dob,ue1_0.email,ue1_0.first_name,ue1_0.last_name,ue1_0.modified_by,ue1_0.modified_date,ue1_0.password,ue1_0.phone_number,ue1_0.provider_id,ue1_0.username from user_entity ue1_0 where ue1_0.username=?
2025-10-24 17:41:23 DEBUG org.hibernate.SQL - select ee1_0.id,ee1_0.course_id,ee1_0.created_by,ee1_0.created_date,ee1_0.enrolled_at,ee1_0.expires_at,ee1_0.modified_by,ee1_0.modified_date,ee1_0.status,ee1_0.user_id from enrollments ee1_0 left join user_entity u1_0 on u1_0.id=ee1_0.user_id where u1_0.id=?
2025-10-24 17:41:23 DEBUG org.hibernate.SQL - select ce1_0.id,ce1_0.created_by,ce1_0.created_date,ce1_0.description,ce1_0.duration,ce1_0.image_url,ce1_0.is_published,ce1_0.modified_by,ce1_0.modified_date,ce1_0.price,ce1_0.title from courses ce1_0 where ce1_0.id=?
2025-10-24 17:41:23 DEBUG c.l.S.configuration.LoggingAspect - Service: getUserEnrollments - 10ms
2025-10-24 17:41:23 INFO  c.l.S.configuration.LoggingAspect - <== Controller: getMyCourses completed in 14ms
2025-10-24 17:43:24 INFO  o.s.b.w.e.tomcat.GracefulShutdown - Commencing graceful shutdown. Waiting for active requests to complete
2025-10-24 17:43:24 INFO  o.s.b.w.e.tomcat.GracefulShutdown - Graceful shutdown complete
2025-10-24 17:43:24 INFO  o.s.o.j.LocalContainerEntityManagerFactoryBean - Closing JPA EntityManagerFactory for persistence unit 'default'
2025-10-24 17:43:24 INFO  com.zaxxer.hikari.HikariDataSource - HikariPool-1 - Shutdown initiated...
2025-10-24 17:43:24 INFO  com.zaxxer.hikari.HikariDataSource - HikariPool-1 - Shutdown completed.
2025-10-24 18:51:10 INFO  o.h.validator.internal.util.Version - HV000001: Hibernate Validator 8.0.3.Final
2025-10-24 18:51:10 INFO  com.lul.Stydu4.Stydu4Application - Starting Stydu4Application using Java 17.0.10 with PID 22384 (C:\Users\PC\Desktop\New folder (3)\stydu4\target\classes started by PC in C:\Users\PC\Desktop\New folder (3)\stydu4)
2025-10-24 18:51:10 DEBUG com.lul.Stydu4.Stydu4Application - Running with Spring Boot v3.5.6, Spring v6.2.11
2025-10-24 18:51:10 INFO  com.lul.Stydu4.Stydu4Application - No active profile set, falling back to 1 default profile: "default"
2025-10-24 18:51:11 INFO  o.s.d.r.c.RepositoryConfigurationDelegate - Multiple Spring Data modules found, entering strict repository configuration mode
2025-10-24 18:51:11 INFO  o.s.d.r.c.RepositoryConfigurationDelegate - Bootstrapping Spring Data JPA repositories in DEFAULT mode.
2025-10-24 18:51:11 INFO  o.s.d.r.c.RepositoryConfigurationDelegate - Finished Spring Data repository scanning in 161 ms. Found 15 JPA repository interfaces.
2025-10-24 18:51:11 INFO  o.s.d.r.c.RepositoryConfigurationDelegate - Multiple Spring Data modules found, entering strict repository configuration mode
2025-10-24 18:51:11 INFO  o.s.d.r.c.RepositoryConfigurationDelegate - Bootstrapping Spring Data Redis repositories in DEFAULT mode.
2025-10-24 18:51:11 INFO  o.s.d.r.c.RepositoryConfigurationExtensionSupport - Spring Data Redis - Could not safely identify store assignment for repository candidate interface com.lul.Stydu4.repository.IAnswerRepository; If you want this repository to be a Redis repository, consider annotating your entities with one of these annotations: org.springframework.data.redis.core.RedisHash (preferred), or consider extending one of the following types with your repository: org.springframework.data.keyvalue.repository.KeyValueRepository
2025-10-24 18:51:11 INFO  o.s.d.r.c.RepositoryConfigurationExtensionSupport - Spring Data Redis - Could not safely identify store assignment for repository candidate interface com.lul.Stydu4.repository.ICourseRepository; If you want this repository to be a Redis repository, consider annotating your entities with one of these annotations: org.springframework.data.redis.core.RedisHash (preferred), or consider extending one of the following types with your repository: org.springframework.data.keyvalue.repository.KeyValueRepository
2025-10-24 18:51:11 INFO  o.s.d.r.c.RepositoryConfigurationExtensionSupport - Spring Data Redis - Could not safely identify store assignment for repository candidate interface com.lul.Stydu4.repository.IEnrollmentRepository; If you want this repository to be a Redis repository, consider annotating your entities with one of these annotations: org.springframework.data.redis.core.RedisHash (preferred), or consider extending one of the following types with your repository: org.springframework.data.keyvalue.repository.KeyValueRepository
2025-10-24 18:51:11 INFO  o.s.d.r.c.RepositoryConfigurationExtensionSupport - Spring Data Redis - Could not safely identify store assignment for repository candidate interface com.lul.Stydu4.repository.IFileRepository; If you want this repository to be a Redis repository, consider annotating your entities with one of these annotations: org.springframework.data.redis.core.RedisHash (preferred), or consider extending one of the following types with your repository: org.springframework.data.keyvalue.repository.KeyValueRepository
2025-10-24 18:51:11 INFO  o.s.d.r.c.RepositoryConfigurationExtensionSupport - Spring Data Redis - Could not safely identify store assignment for repository candidate interface com.lul.Stydu4.repository.IOrderRepository; If you want this repository to be a Redis repository, consider annotating your entities with one of these annotations: org.springframework.data.redis.core.RedisHash (preferred), or consider extending one of the following types with your repository: org.springframework.data.keyvalue.repository.KeyValueRepository
2025-10-24 18:51:11 INFO  o.s.d.r.c.RepositoryConfigurationExtensionSupport - Spring Data Redis - Could not safely identify store assignment for repository candidate interface com.lul.Stydu4.repository.IPartTestRepository; If you want this repository to be a Redis repository, consider annotating your entities with one of these annotations: org.springframework.data.redis.core.RedisHash (preferred), or consider extending one of the following types with your repository: org.springframework.data.keyvalue.repository.KeyValueRepository
2025-10-24 18:51:11 INFO  o.s.d.r.c.RepositoryConfigurationExtensionSupport - Spring Data Redis - Could not safely identify store assignment for repository candidate interface com.lul.Stydu4.repository.IPermissionRepository; If you want this repository to be a Redis repository, consider annotating your entities with one of these annotations: org.springframework.data.redis.core.RedisHash (preferred), or consider extending one of the following types with your repository: org.springframework.data.keyvalue.repository.KeyValueRepository
2025-10-24 18:51:11 INFO  o.s.d.r.c.RepositoryConfigurationExtensionSupport - Spring Data Redis - Could not safely identify store assignment for repository candidate interface com.lul.Stydu4.repository.IQuestionGroupRepository; If you want this repository to be a Redis repository, consider annotating your entities with one of these annotations: org.springframework.data.redis.core.RedisHash (preferred), or consider extending one of the following types with your repository: org.springframework.data.keyvalue.repository.KeyValueRepository
2025-10-24 18:51:11 INFO  o.s.d.r.c.RepositoryConfigurationExtensionSupport - Spring Data Redis - Could not safely identify store assignment for repository candidate interface com.lul.Stydu4.repository.IQuestionTestRepository; If you want this repository to be a Redis repository, consider annotating your entities with one of these annotations: org.springframework.data.redis.core.RedisHash (preferred), or consider extending one of the following types with your repository: org.springframework.data.keyvalue.repository.KeyValueRepository
2025-10-24 18:51:11 INFO  o.s.d.r.c.RepositoryConfigurationExtensionSupport - Spring Data Redis - Could not safely identify store assignment for repository candidate interface com.lul.Stydu4.repository.IResultHavePartsRepository; If you want this repository to be a Redis repository, consider annotating your entities with one of these annotations: org.springframework.data.redis.core.RedisHash (preferred), or consider extending one of the following types with your repository: org.springframework.data.keyvalue.repository.KeyValueRepository
2025-10-24 18:51:11 INFO  o.s.d.r.c.RepositoryConfigurationExtensionSupport - Spring Data Redis - Could not safely identify store assignment for repository candidate interface com.lul.Stydu4.repository.IResultRepository; If you want this repository to be a Redis repository, consider annotating your entities with one of these annotations: org.springframework.data.redis.core.RedisHash (preferred), or consider extending one of the following types with your repository: org.springframework.data.keyvalue.repository.KeyValueRepository
2025-10-24 18:51:11 INFO  o.s.d.r.c.RepositoryConfigurationExtensionSupport - Spring Data Redis - Could not safely identify store assignment for repository candidate interface com.lul.Stydu4.repository.IRoleRepository; If you want this repository to be a Redis repository, consider annotating your entities with one of these annotations: org.springframework.data.redis.core.RedisHash (preferred), or consider extending one of the following types with your repository: org.springframework.data.keyvalue.repository.KeyValueRepository
2025-10-24 18:51:11 INFO  o.s.d.r.c.RepositoryConfigurationExtensionSupport - Spring Data Redis - Could not safely identify store assignment for repository candidate interface com.lul.Stydu4.repository.ITestRepository; If you want this repository to be a Redis repository, consider annotating your entities with one of these annotations: org.springframework.data.redis.core.RedisHash (preferred), or consider extending one of the following types with your repository: org.springframework.data.keyvalue.repository.KeyValueRepository
2025-10-24 18:51:11 INFO  o.s.d.r.c.RepositoryConfigurationExtensionSupport - Spring Data Redis - Could not safely identify store assignment for repository candidate interface com.lul.Stydu4.repository.IUserAnswerRepository; If you want this repository to be a Redis repository, consider annotating your entities with one of these annotations: org.springframework.data.redis.core.RedisHash (preferred), or consider extending one of the following types with your repository: org.springframework.data.keyvalue.repository.KeyValueRepository
2025-10-24 18:51:11 INFO  o.s.d.r.c.RepositoryConfigurationExtensionSupport - Spring Data Redis - Could not safely identify store assignment for repository candidate interface com.lul.Stydu4.repository.IUserRepository; If you want this repository to be a Redis repository, consider annotating your entities with one of these annotations: org.springframework.data.redis.core.RedisHash (preferred), or consider extending one of the following types with your repository: org.springframework.data.keyvalue.repository.KeyValueRepository
2025-10-24 18:51:11 INFO  o.s.d.r.c.RepositoryConfigurationDelegate - Finished Spring Data repository scanning in 19 ms. Found 0 Redis repository interfaces.
2025-10-24 18:51:12 INFO  o.s.b.w.e.tomcat.TomcatWebServer - Tomcat initialized with port 8080 (http)
2025-10-24 18:51:12 INFO  o.a.coyote.http11.Http11NioProtocol - Initializing ProtocolHandler ["http-nio-8080"]
2025-10-24 18:51:12 INFO  o.a.catalina.core.StandardService - Starting service [Tomcat]
2025-10-24 18:51:12 INFO  o.a.catalina.core.StandardEngine - Starting Servlet engine: [Apache Tomcat/10.1.46]
2025-10-24 18:51:12 INFO  o.a.c.c.C.[Tomcat].[localhost].[/] - Initializing Spring embedded WebApplicationContext
2025-10-24 18:51:12 INFO  o.s.b.w.s.c.ServletWebServerApplicationContext - Root WebApplicationContext: initialization completed in 1607 ms
2025-10-24 18:51:12 INFO  o.h.jpa.internal.util.LogHelper - HHH000204: Processing PersistenceUnitInfo [name: default]
2025-10-24 18:51:12 INFO  org.hibernate.Version - HHH000412: Hibernate ORM core version 6.6.29.Final
2025-10-24 18:51:12 INFO  o.h.c.i.RegionFactoryInitiator - HHH000026: Second-level cache disabled
2025-10-24 18:51:12 INFO  o.s.o.j.p.SpringPersistenceUnitInfo - No LoadTimeWeaver setup: ignoring JPA class transformer
2025-10-24 18:51:12 INFO  com.zaxxer.hikari.HikariDataSource - HikariPool-1 - Starting...
2025-10-24 18:51:13 INFO  com.zaxxer.hikari.pool.HikariPool - HikariPool-1 - Added connection com.mysql.cj.jdbc.ConnectionImpl@1be427b4
2025-10-24 18:51:13 INFO  com.zaxxer.hikari.HikariDataSource - HikariPool-1 - Start completed.
2025-10-24 18:51:13 WARN  org.hibernate.orm.deprecation - HHH90000025: MySQLDialect does not need to be specified explicitly using 'hibernate.dialect' (remove the property setting and it will be selected by default)
2025-10-24 18:51:13 INFO  o.hibernate.orm.connections.pooling - HHH10001005: Database info:
	Database JDBC URL [Connecting through datasource 'HikariDataSource (HikariPool-1)']
	Database driver: undefined/unknown
	Database version: 8.0.43
	Autocommit mode: undefined/unknown
	Isolation level: undefined/unknown
	Minimum pool size: undefined/unknown
	Maximum pool size: undefined/unknown
2025-10-24 18:51:14 INFO  o.h.e.t.j.p.i.JtaPlatformInitiator - HHH000489: No JTA platform available (set 'hibernate.transaction.jta.platform' to enable JTA platform integration)
2025-10-24 18:51:14 DEBUG org.hibernate.SQL - alter table files modify column file_type enum ('AUDIO','DOCUMENT','IMAGE') not null
2025-10-24 18:51:14 INFO  o.s.o.j.LocalContainerEntityManagerFactoryBean - Initialized JPA EntityManagerFactory for persistence unit 'default'
2025-10-24 18:51:15 INFO  o.s.d.j.r.query.QueryEnhancerFactory - Hibernate is in classpath; If applicable, HQL parser will be used.
2025-10-24 18:51:15 WARN  o.s.b.a.o.j.JpaBaseConfiguration$JpaWebConfiguration - spring.jpa.open-in-view is enabled by default. Therefore, database queries may be performed during view rendering. Explicitly configure spring.jpa.open-in-view to disable this warning
2025-10-24 18:51:16 INFO  o.a.coyote.http11.Http11NioProtocol - Starting ProtocolHandler ["http-nio-8080"]
2025-10-24 18:51:16 INFO  o.s.b.w.e.tomcat.TomcatWebServer - Tomcat started on port 8080 (http) with context path '/'
2025-10-24 18:51:16 INFO  com.lul.Stydu4.Stydu4Application - Started Stydu4Application in 6.206 seconds (process running for 6.461)
2025-10-24 18:51:16 INFO  c.l.S.c.ApplicationInitConfig - ========== APPLICATION INITIALIZATION START ==========
2025-10-24 18:51:16 INFO  c.l.S.c.ApplicationInitConfig - Checking roles...
2025-10-24 18:51:16 DEBUG org.hibernate.SQL - select count(*) from role_entity re1_0 where re1_0.name=?
2025-10-24 18:51:16 DEBUG c.l.S.c.ApplicationInitConfig - Role ADMIN already exists
2025-10-24 18:51:16 DEBUG org.hibernate.SQL - select count(*) from role_entity re1_0 where re1_0.name=?
2025-10-24 18:51:16 DEBUG c.l.S.c.ApplicationInitConfig - Role USER already exists
2025-10-24 18:51:16 INFO  c.l.S.c.ApplicationInitConfig - All roles already exist
2025-10-24 18:51:16 INFO  c.l.S.c.ApplicationInitConfig - Checking admin user...
2025-10-24 18:51:16 DEBUG org.hibernate.SQL - select ue1_0.id from user_entity ue1_0 where ue1_0.username=? limit ?
2025-10-24 18:51:16 INFO  c.l.S.c.ApplicationInitConfig - Admin user already exists
2025-10-24 18:51:16 INFO  c.l.S.c.ApplicationInitConfig - ========== APPLICATION INITIALIZATION COMPLETED ==========
2025-10-24 18:51:24 INFO  o.a.c.c.C.[Tomcat].[localhost].[/] - Initializing Spring DispatcherServlet 'dispatcherServlet'
2025-10-24 18:51:24 INFO  o.s.web.servlet.DispatcherServlet - Initializing Servlet 'dispatcherServlet'
2025-10-24 18:51:24 INFO  o.s.web.servlet.DispatcherServlet - Completed initialization in 1 ms
2025-10-24 18:51:24 INFO  c.l.S.configuration.LoggingAspect - ==> Controller: authenticate
2025-10-24 18:51:24 DEBUG org.hibernate.SQL - select ue1_0.id,ue1_0.auth_provider,ue1_0.created_by,ue1_0.created_date,ue1_0.dob,ue1_0.email,ue1_0.first_name,ue1_0.last_name,ue1_0.modified_by,ue1_0.modified_date,ue1_0.password,ue1_0.phone_number,ue1_0.provider_id,ue1_0.username from user_entity ue1_0 where ue1_0.username=?
2025-10-24 18:51:24 DEBUG org.hibernate.SQL - select r1_0.user_id,r1_1.name,r1_1.description from user_roles r1_0 join role_entity r1_1 on r1_1.name=r1_0.role_name where r1_0.user_id=?
2025-10-24 18:51:24 DEBUG org.hibernate.SQL - select p1_0.role_name,p1_1.name,p1_1.description from role_permission p1_0 join permission_entity p1_1 on p1_1.name=p1_0.permission_name where p1_0.role_name=?
2025-10-24 18:51:24 INFO  c.l.S.s.i.AuthenticationServiceImpl - Generated scope: ROLE_ADMIN
2025-10-24 18:51:24 DEBUG c.l.S.configuration.LoggingAspect - Service: authenticate - 259ms
2025-10-24 18:51:24 INFO  c.l.S.configuration.LoggingAspect - <== Controller: authenticate completed in 260ms
2025-10-24 18:51:36 DEBUG c.l.S.configuration.LoggingAspect - Service: introspect - 9ms
2025-10-24 18:51:36 DEBUG o.s.s.o.s.r.a.JwtAuthenticationProvider - Authenticated token
2025-10-24 18:51:36 DEBUG o.s.s.o.s.r.w.a.BearerTokenAuthenticationFilter - Set SecurityContextHolder to JwtAuthenticationToken [Principal=org.springframework.security.oauth2.jwt.Jwt@d73332ab, Credentials=[PROTECTED], Authenticated=true, Details=WebAuthenticationDetails [RemoteIpAddress=0:0:0:0:0:0:0:1, SessionId=null], Granted Authorities=[ROLE_ADMIN]]
2025-10-24 18:51:36 INFO  c.l.S.configuration.LoggingAspect - ==> Controller: uploadImage
2025-10-24 18:51:36 INFO  c.l.Stydu4.controller.FileController - Uploading image: 1.pdf, subFolder: general
2025-10-24 18:51:36 INFO  c.l.S.s.impl.FileStorageServiceImpl - Storing file: 1.pdf, type: IMAGE, subFolder: general
2025-10-24 18:51:36 ERROR c.l.S.s.impl.FileStorageServiceImpl - Invalid file extension: pdf. Allowed: [jpg, jpeg, png, gif, webp, svg]
2025-10-24 18:51:36 ERROR c.l.S.configuration.LoggingAspect - Service: storeFile error - null
2025-10-24 18:51:36 ERROR c.l.S.configuration.LoggingAspect - !!! Controller: uploadImage failed - null
2025-10-24 18:51:51 DEBUG c.l.S.configuration.LoggingAspect - Service: introspect - 1ms
2025-10-24 18:51:51 DEBUG o.s.s.o.s.r.a.JwtAuthenticationProvider - Authenticated token
2025-10-24 18:51:51 DEBUG o.s.s.o.s.r.w.a.BearerTokenAuthenticationFilter - Set SecurityContextHolder to JwtAuthenticationToken [Principal=org.springframework.security.oauth2.jwt.Jwt@d73332ab, Credentials=[PROTECTED], Authenticated=true, Details=WebAuthenticationDetails [RemoteIpAddress=0:0:0:0:0:0:0:1, SessionId=null], Granted Authorities=[ROLE_ADMIN]]
2025-10-24 18:51:51 INFO  c.l.S.configuration.LoggingAspect - ==> Controller: uploadImage
2025-10-24 18:51:51 INFO  c.l.Stydu4.controller.FileController - Uploading image: 1 - Copy.jpg, subFolder: general
2025-10-24 18:51:51 INFO  c.l.S.s.impl.FileStorageServiceImpl - Storing file: 1 - Copy.jpg, type: IMAGE, subFolder: general
2025-10-24 18:51:51 DEBUG c.l.S.s.impl.FileStorageServiceImpl - File validation passed: 1 - Copy.jpg (1397917 bytes)
2025-10-24 18:51:51 INFO  c.l.S.s.impl.FileStorageServiceImpl - File stored successfully at: images/general/2025/10/24/8032c35a-52e6-4568-aa75-f0e865ca8501.jpg
2025-10-24 18:51:51 DEBUG org.hibernate.SQL - select fe1_0.id,fe1_0.content_type,fe1_0.created_by,fe1_0.created_date,fe1_0.description,fe1_0.file_path,fe1_0.file_size,fe1_0.file_type,fe1_0.file_url,fe1_0.modified_by,fe1_0.modified_date,fe1_0.original_filename,fe1_0.stored_filename from files fe1_0 where fe1_0.id=?
2025-10-24 18:51:51 INFO  c.l.S.s.impl.FileStorageServiceImpl - File metadata saved with ID: 5f9cc75d-4d8b-4377-b030-dfdf1dda04f6 and URL: http://localhost:8080/api/v1/files/5f9cc75d-4d8b-4377-b030-dfdf1dda04f6
2025-10-24 18:51:51 DEBUG c.l.S.configuration.LoggingAspect - Service: storeFile - 74ms
2025-10-24 18:51:51 DEBUG org.hibernate.SQL - insert into files (content_type,created_by,created_date,description,file_path,file_size,file_type,file_url,modified_by,modified_date,original_filename,stored_filename,id) values (?,?,?,?,?,?,?,?,?,?,?,?,?)
2025-10-24 18:51:51 INFO  c.l.S.configuration.LoggingAspect - <== Controller: uploadImage completed in 112ms
2025-10-24 18:52:11 DEBUG c.l.S.configuration.LoggingAspect - Service: introspect - 1ms
2025-10-24 18:52:11 DEBUG o.s.s.o.s.r.a.JwtAuthenticationProvider - Authenticated token
2025-10-24 18:52:11 DEBUG o.s.s.o.s.r.w.a.BearerTokenAuthenticationFilter - Set SecurityContextHolder to JwtAuthenticationToken [Principal=org.springframework.security.oauth2.jwt.Jwt@d73332ab, Credentials=[PROTECTED], Authenticated=true, Details=WebAuthenticationDetails [RemoteIpAddress=0:0:0:0:0:0:0:1, SessionId=null], Granted Authorities=[ROLE_ADMIN]]
2025-10-24 18:52:11 INFO  c.l.S.configuration.LoggingAspect - ==> Controller: uploadImage
2025-10-24 18:52:11 INFO  c.l.Stydu4.controller.FileController - Uploading image: eco_toeic_1000_test_1_62_64.mp3, subFolder: general
2025-10-24 18:52:11 INFO  c.l.S.s.impl.FileStorageServiceImpl - Storing file: eco_toeic_1000_test_1_62_64.mp3, type: IMAGE, subFolder: general
2025-10-24 18:52:11 ERROR c.l.S.s.impl.FileStorageServiceImpl - Invalid file extension: mp3. Allowed: [jpg, jpeg, png, gif, webp, svg]
2025-10-24 18:52:11 ERROR c.l.S.configuration.LoggingAspect - Service: storeFile error - null
2025-10-24 18:52:11 ERROR c.l.S.configuration.LoggingAspect - !!! Controller: uploadImage failed - null
2025-10-24 18:53:07 DEBUG c.l.S.configuration.LoggingAspect - Service: introspect - 0ms
2025-10-24 18:53:07 DEBUG o.s.s.o.s.r.a.JwtAuthenticationProvider - Authenticated token
2025-10-24 18:53:07 DEBUG o.s.s.o.s.r.w.a.BearerTokenAuthenticationFilter - Set SecurityContextHolder to JwtAuthenticationToken [Principal=org.springframework.security.oauth2.jwt.Jwt@d73332ab, Credentials=[PROTECTED], Authenticated=true, Details=WebAuthenticationDetails [RemoteIpAddress=0:0:0:0:0:0:0:1, SessionId=null], Granted Authorities=[ROLE_ADMIN]]
2025-10-24 18:53:07 INFO  c.l.S.configuration.LoggingAspect - ==> Controller: uploadAudio
2025-10-24 18:53:07 INFO  c.l.Stydu4.controller.FileController - Uploading audio: eco_toeic_1000_test_1_1.mp3, subFolder: general
2025-10-24 18:53:07 INFO  c.l.S.s.impl.FileStorageServiceImpl - Storing file: eco_toeic_1000_test_1_1.mp3, type: AUDIO, subFolder: general
2025-10-24 18:53:07 DEBUG c.l.S.s.impl.FileStorageServiceImpl - File validation passed: eco_toeic_1000_test_1_1.mp3 (373690 bytes)
2025-10-24 18:53:07 INFO  c.l.S.s.impl.FileStorageServiceImpl - File stored successfully at: audio/general/2025/10/24/f8f984e4-6077-422c-b5c5-70755e63500c.mp3
2025-10-24 18:53:07 DEBUG org.hibernate.SQL - select fe1_0.id,fe1_0.content_type,fe1_0.created_by,fe1_0.created_date,fe1_0.description,fe1_0.file_path,fe1_0.file_size,fe1_0.file_type,fe1_0.file_url,fe1_0.modified_by,fe1_0.modified_date,fe1_0.original_filename,fe1_0.stored_filename from files fe1_0 where fe1_0.id=?
2025-10-24 18:53:07 INFO  c.l.S.s.impl.FileStorageServiceImpl - File metadata saved with ID: 4acf59d3-6798-43c7-95a8-53e1b325ab7b and URL: http://localhost:8080/api/v1/files/4acf59d3-6798-43c7-95a8-53e1b325ab7b
2025-10-24 18:53:07 DEBUG c.l.S.configuration.LoggingAspect - Service: storeFile - 7ms
2025-10-24 18:53:07 DEBUG org.hibernate.SQL - insert into files (content_type,created_by,created_date,description,file_path,file_size,file_type,file_url,modified_by,modified_date,original_filename,stored_filename,id) values (?,?,?,?,?,?,?,?,?,?,?,?,?)
2025-10-24 18:53:07 INFO  c.l.S.configuration.LoggingAspect - <== Controller: uploadAudio completed in 17ms
2025-10-24 18:54:01 DEBUG c.l.S.configuration.LoggingAspect - Service: introspect - 1ms
2025-10-24 18:54:01 DEBUG o.s.s.o.s.r.a.JwtAuthenticationProvider - Authenticated token
2025-10-24 18:54:01 DEBUG o.s.s.o.s.r.w.a.BearerTokenAuthenticationFilter - Set SecurityContextHolder to JwtAuthenticationToken [Principal=org.springframework.security.oauth2.jwt.Jwt@d73332ab, Credentials=[PROTECTED], Authenticated=true, Details=WebAuthenticationDetails [RemoteIpAddress=0:0:0:0:0:0:0:1, SessionId=null], Granted Authorities=[ROLE_ADMIN]]
2025-10-24 18:54:01 INFO  c.l.S.configuration.LoggingAspect - ==> Controller: uploadImage
2025-10-24 18:54:01 INFO  c.l.Stydu4.controller.FileController - Uploading image: 1 - Copy.jpg, subFolder: general
2025-10-24 18:54:01 INFO  c.l.S.s.impl.FileStorageServiceImpl - Storing file: 1 - Copy.jpg, type: IMAGE, subFolder: general
2025-10-24 18:54:01 DEBUG c.l.S.s.impl.FileStorageServiceImpl - File validation passed: 1 - Copy.jpg (1397917 bytes)
2025-10-24 18:54:01 INFO  c.l.S.s.impl.FileStorageServiceImpl - File stored successfully at: images/general/2025/10/24/f6939e17-f317-4df1-9481-643a03c1dc65.jpg
2025-10-24 18:54:01 DEBUG org.hibernate.SQL - select fe1_0.id,fe1_0.content_type,fe1_0.created_by,fe1_0.created_date,fe1_0.description,fe1_0.file_path,fe1_0.file_size,fe1_0.file_type,fe1_0.file_url,fe1_0.modified_by,fe1_0.modified_date,fe1_0.original_filename,fe1_0.stored_filename from files fe1_0 where fe1_0.id=?
2025-10-24 18:54:01 INFO  c.l.S.s.impl.FileStorageServiceImpl - File metadata saved with ID: f0a9706d-46e9-42a1-8b78-8cd1f33f8210 and URL: http://localhost:8080/api/v1/files/f0a9706d-46e9-42a1-8b78-8cd1f33f8210
2025-10-24 18:54:01 DEBUG c.l.S.configuration.LoggingAspect - Service: storeFile - 10ms
2025-10-24 18:54:01 DEBUG org.hibernate.SQL - insert into files (content_type,created_by,created_date,description,file_path,file_size,file_type,file_url,modified_by,modified_date,original_filename,stored_filename,id) values (?,?,?,?,?,?,?,?,?,?,?,?,?)
2025-10-24 18:54:01 INFO  c.l.S.configuration.LoggingAspect - <== Controller: uploadImage completed in 23ms
2025-10-24 18:54:21 INFO  c.l.S.configuration.LoggingAspect - ==> Controller: getFile
2025-10-24 18:54:21 INFO  c.l.Stydu4.controller.FileController - Downloading file: f0a9706d-46e9-42a1-8b78-8cd1f33f8210
2025-10-24 18:54:21 INFO  c.l.S.s.impl.FileStorageServiceImpl - Loading file as resource: f0a9706d-46e9-42a1-8b78-8cd1f33f8210
2025-10-24 18:54:21 DEBUG org.hibernate.SQL - select fe1_0.id,fe1_0.content_type,fe1_0.created_by,fe1_0.created_date,fe1_0.description,fe1_0.file_path,fe1_0.file_size,fe1_0.file_type,fe1_0.file_url,fe1_0.modified_by,fe1_0.modified_date,fe1_0.original_filename,fe1_0.stored_filename from files fe1_0 where fe1_0.id=?
2025-10-24 18:54:21 INFO  c.l.S.s.impl.FileStorageServiceImpl - File loaded successfully: images/general/2025/10/24/f6939e17-f317-4df1-9481-643a03c1dc65.jpg
2025-10-24 18:54:21 DEBUG c.l.S.configuration.LoggingAspect - Service: loadFileAsResource - 9ms
2025-10-24 18:54:21 INFO  c.l.S.configuration.LoggingAspect - <== Controller: getFile completed in 9ms
2025-10-24 18:56:17 INFO  c.l.S.configuration.LoggingAspect - ==> Controller: fileExists
2025-10-24 18:56:17 DEBUG org.hibernate.SQL - select count(*) from files fe1_0 where fe1_0.id=?
2025-10-24 18:56:17 DEBUG c.l.S.configuration.LoggingAspect - Service: fileExists - 9ms
2025-10-24 18:56:17 INFO  c.l.S.configuration.LoggingAspect - <== Controller: fileExists completed in 10ms
2025-10-24 18:57:21 DEBUG c.l.S.configuration.LoggingAspect - Service: introspect - 1ms
2025-10-24 18:57:21 DEBUG o.s.s.o.s.r.a.JwtAuthenticationProvider - Authenticated token
2025-10-24 18:57:21 DEBUG o.s.s.o.s.r.w.a.BearerTokenAuthenticationFilter - Set SecurityContextHolder to JwtAuthenticationToken [Principal=org.springframework.security.oauth2.jwt.Jwt@d73332ab, Credentials=[PROTECTED], Authenticated=true, Details=WebAuthenticationDetails [RemoteIpAddress=0:0:0:0:0:0:0:1, SessionId=null], Granted Authorities=[ROLE_ADMIN]]
2025-10-24 18:57:21 INFO  c.l.S.configuration.LoggingAspect - ==> Controller: getFilesByType
2025-10-24 18:57:21 INFO  c.l.Stydu4.controller.FileController - Getting files by type: IMAGE
2025-10-24 18:57:21 INFO  c.l.S.s.impl.FileStorageServiceImpl - Getting all files by type: IMAGE
2025-10-24 18:57:21 DEBUG org.hibernate.SQL - select fe1_0.id,fe1_0.content_type,fe1_0.created_by,fe1_0.created_date,fe1_0.description,fe1_0.file_path,fe1_0.file_size,fe1_0.file_type,fe1_0.file_url,fe1_0.modified_by,fe1_0.modified_date,fe1_0.original_filename,fe1_0.stored_filename from files fe1_0 where fe1_0.file_type=?
2025-10-24 18:57:21 DEBUG c.l.S.configuration.LoggingAspect - Service: getFilesByType - 14ms
2025-10-24 18:57:21 INFO  c.l.S.configuration.LoggingAspect - <== Controller: getFilesByType completed in 14ms
2025-10-24 18:57:44 DEBUG c.l.S.configuration.LoggingAspect - Service: introspect - 0ms
2025-10-24 18:57:44 DEBUG o.s.s.o.s.r.a.JwtAuthenticationProvider - Authenticated token
2025-10-24 18:57:44 DEBUG o.s.s.o.s.r.w.a.BearerTokenAuthenticationFilter - Set SecurityContextHolder to JwtAuthenticationToken [Principal=org.springframework.security.oauth2.jwt.Jwt@d73332ab, Credentials=[PROTECTED], Authenticated=true, Details=WebAuthenticationDetails [RemoteIpAddress=0:0:0:0:0:0:0:1, SessionId=null], Granted Authorities=[ROLE_ADMIN]]
2025-10-24 18:57:44 INFO  c.l.S.configuration.LoggingAspect - ==> Controller: getFilesByType
2025-10-24 18:57:44 INFO  c.l.Stydu4.controller.FileController - Getting files by type: AUDIO
2025-10-24 18:57:44 INFO  c.l.S.s.impl.FileStorageServiceImpl - Getting all files by type: AUDIO
2025-10-24 18:57:44 DEBUG org.hibernate.SQL - select fe1_0.id,fe1_0.content_type,fe1_0.created_by,fe1_0.created_date,fe1_0.description,fe1_0.file_path,fe1_0.file_size,fe1_0.file_type,fe1_0.file_url,fe1_0.modified_by,fe1_0.modified_date,fe1_0.original_filename,fe1_0.stored_filename from files fe1_0 where fe1_0.file_type=?
2025-10-24 18:57:44 DEBUG c.l.S.configuration.LoggingAspect - Service: getFilesByType - 9ms
2025-10-24 18:57:44 INFO  c.l.S.configuration.LoggingAspect - <== Controller: getFilesByType completed in 11ms
2025-10-24 18:58:30 DEBUG c.l.S.configuration.LoggingAspect - Service: introspect - 1ms
2025-10-24 18:58:30 DEBUG o.s.s.o.s.r.a.JwtAuthenticationProvider - Authenticated token
2025-10-24 18:58:30 DEBUG o.s.s.o.s.r.w.a.BearerTokenAuthenticationFilter - Set SecurityContextHolder to JwtAuthenticationToken [Principal=org.springframework.security.oauth2.jwt.Jwt@d73332ab, Credentials=[PROTECTED], Authenticated=true, Details=WebAuthenticationDetails [RemoteIpAddress=0:0:0:0:0:0:0:1, SessionId=null], Granted Authorities=[ROLE_ADMIN]]
2025-10-24 18:58:30 INFO  c.l.S.configuration.LoggingAspect - ==> Controller: deleteFile
2025-10-24 18:58:30 INFO  c.l.Stydu4.controller.FileController - Deleting file: f0a9706d-46e9-42a1-8b78-8cd1f33f8210
2025-10-24 18:58:30 INFO  c.l.S.s.impl.FileStorageServiceImpl - Deleting file: f0a9706d-46e9-42a1-8b78-8cd1f33f8210
2025-10-24 18:58:30 DEBUG org.hibernate.SQL - select fe1_0.id,fe1_0.content_type,fe1_0.created_by,fe1_0.created_date,fe1_0.description,fe1_0.file_path,fe1_0.file_size,fe1_0.file_type,fe1_0.file_url,fe1_0.modified_by,fe1_0.modified_date,fe1_0.original_filename,fe1_0.stored_filename from files fe1_0 where fe1_0.id=?
2025-10-24 18:58:30 INFO  c.l.S.s.impl.FileStorageServiceImpl - File deleted from filesystem: images/general/2025/10/24/f6939e17-f317-4df1-9481-643a03c1dc65.jpg
2025-10-24 18:58:30 INFO  c.l.S.s.impl.FileStorageServiceImpl - File metadata deleted from database: f0a9706d-46e9-42a1-8b78-8cd1f33f8210
2025-10-24 18:58:30 DEBUG c.l.S.configuration.LoggingAspect - Service: deleteFile - 9ms
2025-10-24 18:58:30 DEBUG org.hibernate.SQL - delete from files where id=?
2025-10-24 18:58:30 INFO  c.l.S.configuration.LoggingAspect - <== Controller: deleteFile completed in 20ms
2025-10-24 18:59:22 INFO  o.s.b.w.e.tomcat.GracefulShutdown - Commencing graceful shutdown. Waiting for active requests to complete
2025-10-24 18:59:22 INFO  o.s.b.w.e.tomcat.GracefulShutdown - Graceful shutdown complete
2025-10-24 18:59:22 INFO  o.s.o.j.LocalContainerEntityManagerFactoryBean - Closing JPA EntityManagerFactory for persistence unit 'default'
2025-10-24 18:59:22 INFO  com.zaxxer.hikari.HikariDataSource - HikariPool-1 - Shutdown initiated...
2025-10-24 18:59:22 INFO  com.zaxxer.hikari.HikariDataSource - HikariPool-1 - Shutdown completed.
2025-10-24 19:07:21 INFO  o.h.validator.internal.util.Version - HV000001: Hibernate Validator 8.0.3.Final
2025-10-24 19:07:21 INFO  com.lul.Stydu4.Stydu4Application - Starting Stydu4Application using Java 17.0.10 with PID 7904 (C:\Users\PC\Desktop\New folder (3)\stydu4\target\classes started by PC in C:\Users\PC\Desktop\New folder (3)\stydu4)
2025-10-24 19:07:21 DEBUG com.lul.Stydu4.Stydu4Application - Running with Spring Boot v3.5.6, Spring v6.2.11
2025-10-24 19:07:21 INFO  com.lul.Stydu4.Stydu4Application - No active profile set, falling back to 1 default profile: "default"
2025-10-24 19:07:22 INFO  o.s.d.r.c.RepositoryConfigurationDelegate - Multiple Spring Data modules found, entering strict repository configuration mode
2025-10-24 19:07:22 INFO  o.s.d.r.c.RepositoryConfigurationDelegate - Bootstrapping Spring Data JPA repositories in DEFAULT mode.
2025-10-24 19:07:22 INFO  o.s.d.r.c.RepositoryConfigurationDelegate - Finished Spring Data repository scanning in 163 ms. Found 15 JPA repository interfaces.
2025-10-24 19:07:22 INFO  o.s.d.r.c.RepositoryConfigurationDelegate - Multiple Spring Data modules found, entering strict repository configuration mode
2025-10-24 19:07:22 INFO  o.s.d.r.c.RepositoryConfigurationDelegate - Bootstrapping Spring Data Redis repositories in DEFAULT mode.
2025-10-24 19:07:22 INFO  o.s.d.r.c.RepositoryConfigurationExtensionSupport - Spring Data Redis - Could not safely identify store assignment for repository candidate interface com.lul.Stydu4.repository.IAnswerRepository; If you want this repository to be a Redis repository, consider annotating your entities with one of these annotations: org.springframework.data.redis.core.RedisHash (preferred), or consider extending one of the following types with your repository: org.springframework.data.keyvalue.repository.KeyValueRepository
2025-10-24 19:07:22 INFO  o.s.d.r.c.RepositoryConfigurationExtensionSupport - Spring Data Redis - Could not safely identify store assignment for repository candidate interface com.lul.Stydu4.repository.ICourseRepository; If you want this repository to be a Redis repository, consider annotating your entities with one of these annotations: org.springframework.data.redis.core.RedisHash (preferred), or consider extending one of the following types with your repository: org.springframework.data.keyvalue.repository.KeyValueRepository
2025-10-24 19:07:22 INFO  o.s.d.r.c.RepositoryConfigurationExtensionSupport - Spring Data Redis - Could not safely identify store assignment for repository candidate interface com.lul.Stydu4.repository.IEnrollmentRepository; If you want this repository to be a Redis repository, consider annotating your entities with one of these annotations: org.springframework.data.redis.core.RedisHash (preferred), or consider extending one of the following types with your repository: org.springframework.data.keyvalue.repository.KeyValueRepository
2025-10-24 19:07:22 INFO  o.s.d.r.c.RepositoryConfigurationExtensionSupport - Spring Data Redis - Could not safely identify store assignment for repository candidate interface com.lul.Stydu4.repository.IFileRepository; If you want this repository to be a Redis repository, consider annotating your entities with one of these annotations: org.springframework.data.redis.core.RedisHash (preferred), or consider extending one of the following types with your repository: org.springframework.data.keyvalue.repository.KeyValueRepository
2025-10-24 19:07:22 INFO  o.s.d.r.c.RepositoryConfigurationExtensionSupport - Spring Data Redis - Could not safely identify store assignment for repository candidate interface com.lul.Stydu4.repository.IOrderRepository; If you want this repository to be a Redis repository, consider annotating your entities with one of these annotations: org.springframework.data.redis.core.RedisHash (preferred), or consider extending one of the following types with your repository: org.springframework.data.keyvalue.repository.KeyValueRepository
2025-10-24 19:07:22 INFO  o.s.d.r.c.RepositoryConfigurationExtensionSupport - Spring Data Redis - Could not safely identify store assignment for repository candidate interface com.lul.Stydu4.repository.IPartTestRepository; If you want this repository to be a Redis repository, consider annotating your entities with one of these annotations: org.springframework.data.redis.core.RedisHash (preferred), or consider extending one of the following types with your repository: org.springframework.data.keyvalue.repository.KeyValueRepository
2025-10-24 19:07:22 INFO  o.s.d.r.c.RepositoryConfigurationExtensionSupport - Spring Data Redis - Could not safely identify store assignment for repository candidate interface com.lul.Stydu4.repository.IPermissionRepository; If you want this repository to be a Redis repository, consider annotating your entities with one of these annotations: org.springframework.data.redis.core.RedisHash (preferred), or consider extending one of the following types with your repository: org.springframework.data.keyvalue.repository.KeyValueRepository
2025-10-24 19:07:22 INFO  o.s.d.r.c.RepositoryConfigurationExtensionSupport - Spring Data Redis - Could not safely identify store assignment for repository candidate interface com.lul.Stydu4.repository.IQuestionGroupRepository; If you want this repository to be a Redis repository, consider annotating your entities with one of these annotations: org.springframework.data.redis.core.RedisHash (preferred), or consider extending one of the following types with your repository: org.springframework.data.keyvalue.repository.KeyValueRepository
2025-10-24 19:07:22 INFO  o.s.d.r.c.RepositoryConfigurationExtensionSupport - Spring Data Redis - Could not safely identify store assignment for repository candidate interface com.lul.Stydu4.repository.IQuestionTestRepository; If you want this repository to be a Redis repository, consider annotating your entities with one of these annotations: org.springframework.data.redis.core.RedisHash (preferred), or consider extending one of the following types with your repository: org.springframework.data.keyvalue.repository.KeyValueRepository
2025-10-24 19:07:22 INFO  o.s.d.r.c.RepositoryConfigurationExtensionSupport - Spring Data Redis - Could not safely identify store assignment for repository candidate interface com.lul.Stydu4.repository.IResultHavePartsRepository; If you want this repository to be a Redis repository, consider annotating your entities with one of these annotations: org.springframework.data.redis.core.RedisHash (preferred), or consider extending one of the following types with your repository: org.springframework.data.keyvalue.repository.KeyValueRepository
2025-10-24 19:07:22 INFO  o.s.d.r.c.RepositoryConfigurationExtensionSupport - Spring Data Redis - Could not safely identify store assignment for repository candidate interface com.lul.Stydu4.repository.IResultRepository; If you want this repository to be a Redis repository, consider annotating your entities with one of these annotations: org.springframework.data.redis.core.RedisHash (preferred), or consider extending one of the following types with your repository: org.springframework.data.keyvalue.repository.KeyValueRepository
2025-10-24 19:07:22 INFO  o.s.d.r.c.RepositoryConfigurationExtensionSupport - Spring Data Redis - Could not safely identify store assignment for repository candidate interface com.lul.Stydu4.repository.IRoleRepository; If you want this repository to be a Redis repository, consider annotating your entities with one of these annotations: org.springframework.data.redis.core.RedisHash (preferred), or consider extending one of the following types with your repository: org.springframework.data.keyvalue.repository.KeyValueRepository
2025-10-24 19:07:22 INFO  o.s.d.r.c.RepositoryConfigurationExtensionSupport - Spring Data Redis - Could not safely identify store assignment for repository candidate interface com.lul.Stydu4.repository.ITestRepository; If you want this repository to be a Redis repository, consider annotating your entities with one of these annotations: org.springframework.data.redis.core.RedisHash (preferred), or consider extending one of the following types with your repository: org.springframework.data.keyvalue.repository.KeyValueRepository
2025-10-24 19:07:22 INFO  o.s.d.r.c.RepositoryConfigurationExtensionSupport - Spring Data Redis - Could not safely identify store assignment for repository candidate interface com.lul.Stydu4.repository.IUserAnswerRepository; If you want this repository to be a Redis repository, consider annotating your entities with one of these annotations: org.springframework.data.redis.core.RedisHash (preferred), or consider extending one of the following types with your repository: org.springframework.data.keyvalue.repository.KeyValueRepository
2025-10-24 19:07:22 INFO  o.s.d.r.c.RepositoryConfigurationExtensionSupport - Spring Data Redis - Could not safely identify store assignment for repository candidate interface com.lul.Stydu4.repository.IUserRepository; If you want this repository to be a Redis repository, consider annotating your entities with one of these annotations: org.springframework.data.redis.core.RedisHash (preferred), or consider extending one of the following types with your repository: org.springframework.data.keyvalue.repository.KeyValueRepository
2025-10-24 19:07:22 INFO  o.s.d.r.c.RepositoryConfigurationDelegate - Finished Spring Data repository scanning in 15 ms. Found 0 Redis repository interfaces.
2025-10-24 19:07:23 INFO  o.s.b.w.e.tomcat.TomcatWebServer - Tomcat initialized with port 8080 (http)
2025-10-24 19:07:23 INFO  o.a.coyote.http11.Http11NioProtocol - Initializing ProtocolHandler ["http-nio-8080"]
2025-10-24 19:07:23 INFO  o.a.catalina.core.StandardService - Starting service [Tomcat]
2025-10-24 19:07:23 INFO  o.a.catalina.core.StandardEngine - Starting Servlet engine: [Apache Tomcat/10.1.46]
2025-10-24 19:07:23 INFO  o.a.c.c.C.[Tomcat].[localhost].[/] - Initializing Spring embedded WebApplicationContext
2025-10-24 19:07:23 INFO  o.s.b.w.s.c.ServletWebServerApplicationContext - Root WebApplicationContext: initialization completed in 1711 ms
2025-10-24 19:07:23 INFO  o.h.jpa.internal.util.LogHelper - HHH000204: Processing PersistenceUnitInfo [name: default]
2025-10-24 19:07:23 INFO  org.hibernate.Version - HHH000412: Hibernate ORM core version 6.6.29.Final
2025-10-24 19:07:23 INFO  o.h.c.i.RegionFactoryInitiator - HHH000026: Second-level cache disabled
2025-10-24 19:07:23 INFO  o.s.o.j.p.SpringPersistenceUnitInfo - No LoadTimeWeaver setup: ignoring JPA class transformer
2025-10-24 19:07:23 INFO  com.zaxxer.hikari.HikariDataSource - HikariPool-1 - Starting...
2025-10-24 19:07:24 INFO  com.zaxxer.hikari.pool.HikariPool - HikariPool-1 - Added connection com.mysql.cj.jdbc.ConnectionImpl@35d3202b
2025-10-24 19:07:24 INFO  com.zaxxer.hikari.HikariDataSource - HikariPool-1 - Start completed.
2025-10-24 19:07:24 WARN  org.hibernate.orm.deprecation - HHH90000025: MySQLDialect does not need to be specified explicitly using 'hibernate.dialect' (remove the property setting and it will be selected by default)
2025-10-24 19:07:24 INFO  o.hibernate.orm.connections.pooling - HHH10001005: Database info:
	Database JDBC URL [Connecting through datasource 'HikariDataSource (HikariPool-1)']
	Database driver: undefined/unknown
	Database version: 8.0.43
	Autocommit mode: undefined/unknown
	Isolation level: undefined/unknown
	Minimum pool size: undefined/unknown
	Maximum pool size: undefined/unknown
2025-10-24 19:07:25 INFO  o.h.e.t.j.p.i.JtaPlatformInitiator - HHH000489: No JTA platform available (set 'hibernate.transaction.jta.platform' to enable JTA platform integration)
2025-10-24 19:07:25 DEBUG org.hibernate.SQL - alter table files modify column file_type enum ('AUDIO','DOCUMENT','IMAGE') not null
2025-10-24 19:07:25 INFO  o.s.o.j.LocalContainerEntityManagerFactoryBean - Initialized JPA EntityManagerFactory for persistence unit 'default'
2025-10-24 19:07:26 INFO  o.s.d.j.r.query.QueryEnhancerFactory - Hibernate is in classpath; If applicable, HQL parser will be used.
2025-10-24 19:07:27 WARN  o.s.b.a.o.j.JpaBaseConfiguration$JpaWebConfiguration - spring.jpa.open-in-view is enabled by default. Therefore, database queries may be performed during view rendering. Explicitly configure spring.jpa.open-in-view to disable this warning
2025-10-24 19:07:27 INFO  o.a.coyote.http11.Http11NioProtocol - Starting ProtocolHandler ["http-nio-8080"]
2025-10-24 19:07:27 INFO  o.s.b.w.e.tomcat.TomcatWebServer - Tomcat started on port 8080 (http) with context path '/'
2025-10-24 19:07:28 INFO  com.lul.Stydu4.Stydu4Application - Started Stydu4Application in 6.622 seconds (process running for 6.896)
2025-10-24 19:07:28 INFO  c.l.S.c.ApplicationInitConfig - ========== APPLICATION INITIALIZATION START ==========
2025-10-24 19:07:28 INFO  c.l.S.c.ApplicationInitConfig - Checking roles...
2025-10-24 19:07:28 DEBUG org.hibernate.SQL - select count(*) from role_entity re1_0 where re1_0.name=?
2025-10-24 19:07:28 DEBUG c.l.S.c.ApplicationInitConfig - Role ADMIN already exists
2025-10-24 19:07:28 DEBUG org.hibernate.SQL - select count(*) from role_entity re1_0 where re1_0.name=?
2025-10-24 19:07:28 DEBUG c.l.S.c.ApplicationInitConfig - Role USER already exists
2025-10-24 19:07:28 INFO  c.l.S.c.ApplicationInitConfig - All roles already exist
2025-10-24 19:07:28 INFO  c.l.S.c.ApplicationInitConfig - Checking admin user...
2025-10-24 19:07:28 DEBUG org.hibernate.SQL - select ue1_0.id from user_entity ue1_0 where ue1_0.username=? limit ?
2025-10-24 19:07:28 INFO  c.l.S.c.ApplicationInitConfig - Admin user already exists
2025-10-24 19:07:28 INFO  c.l.S.c.ApplicationInitConfig - ========== APPLICATION INITIALIZATION COMPLETED ==========
2025-10-24 19:09:08 INFO  o.s.b.w.e.tomcat.GracefulShutdown - Commencing graceful shutdown. Waiting for active requests to complete
2025-10-24 19:09:08 INFO  o.s.b.w.e.tomcat.GracefulShutdown - Graceful shutdown complete
2025-10-24 19:09:08 INFO  o.s.o.j.LocalContainerEntityManagerFactoryBean - Closing JPA EntityManagerFactory for persistence unit 'default'
2025-10-24 19:09:08 INFO  com.zaxxer.hikari.HikariDataSource - HikariPool-1 - Shutdown initiated...
2025-10-24 19:09:08 INFO  com.zaxxer.hikari.HikariDataSource - HikariPool-1 - Shutdown completed.
